label,round,classification,scenario,release_wait_s,before,after,ok,latency_ms,readiness_ms,execution_ms,wal_impl_ms,qn_load_ms,go_load_count,native_load_count,minio_requests,minio_waves,minio_common_overlap_ms,error
first-cold,0,startup,,1.0,NotLoad,Loaded,True,57.063908,35.497305,19.825284,10.797614000000001,11.828138000000001,1,1,,,,
first-cold,1,startup,,1.0,NotLoad,Loaded,True,21.962293,16.404331000000003,4.178722,7.3689800000000005,0,0,0,,,,
clean-cold,0,screening-or-control,,62.0,NotLoad,Loaded,True,50.21637,34.41670899999999,14.180846,15.053929,7.616434999999999,1,1,,,,
clean-cold,1,screening-or-control,,62.0,NotLoad,Loaded,True,37.471865,21.437238999999998,14.679066999999996,5.741750000000004,7.2932679999999985,1,1,,,,
clean-cold,2,screening-or-control,,62.0,NotLoad,Loaded,True,50.90435,34.713364999999996,14.794515999999994,15.228236999999998,7.306094999999998,1,1,,,,
optimized-cold,0,screening-or-control,,62.0,NotLoad,Loaded,True,63.188358,37.705335,23.26483,7.283754,15.780591,1,1,,,,
optimized-cold,1,screening-or-control,,62.0,NotLoad,Loaded,True,40.03697,25.137737,13.598413000000004,6.854483,7.184062000000002,1,1,,,,
optimized-cold,2,screening-or-control,,62.0,NotLoad,Loaded,True,40.584333,25.562193999999998,13.671414,7.137341999999999,7.048987999999999,1,1,,,,
optimized-extra,0,screening-or-control,,62.0,NotLoad,Loaded,True,42.311714,27.313836999999992,13.454881999999994,9.250912,6.8730930000000034,1,1,,,,
baseline-confirm,0,screening-or-control,,0.0,NotLoad,Loaded,True,75.341179,44.488913,28.613795,14.133776000000001,15.231962,1,1,,,,
scalar-direct,0,screening-or-control,,62.0,NotLoad,Loaded,True,51.174619,36.87110400000001,12.619192999999997,16.256449,7.155776000000001,1,1,,,,
scalar-direct,1,screening-or-control,,62.0,NotLoad,Loaded,True,43.284985,30.099421,11.845461000000002,11.605576,7.092242000000002,1,1,,,,
scenario-id-only,0,screening-or-control,id-only,62.0,NotLoad,Loaded,True,47.851289,33.56128900000001,12.703144,11.888559,7.738298999999997,1,1,6,4,,
scenario-with-vector,0,screening-or-control,with-vector,62.0,NotLoad,Loaded,True,47.550684,33.34258700000001,12.585251000000005,14.280460000000001,7.470162000000002,1,1,6,4,,
opt-v1-first,0,startup,id-only,0.0,NotLoad,Loaded,True,44.964281,36.05238,6.8104510000000005,7.109658,14.940493,1,1,7,5,,
opt-v1-id,0,screening-or-control,id-only,62.0,NotLoad,Loaded,True,32.862079,28.299955000000008,3.0361369999999996,7.700414000000001,6.952217999999999,1,1,5,2,,
opt-v1-vector,0,screening-or-control,with-vector,62.0,NotLoad,Loaded,True,27.732073,20.267354,5.838043000000001,4.035081999999999,7.732447,1,1,5,2,,
nvme-baseline-id,0,screening-or-control,id-only,62.0,NotLoad,Loaded,True,49.459461,29.155472000000003,18.56503,7.596076,14.66797,1,1,8,6,,
nvme-baseline-vector,0,screening-or-control,with-vector,62.0,NotLoad,Loaded,True,35.57219,22.182579,11.827518999999999,9.809751999999998,6.861541000000001,1,1,6,4,,
nvme-baseline-id-repeat,0,screening-or-control,id-only,62.0,NotLoad,Loaded,True,33.495457,20.293884000000006,11.706605000000001,7.784413000000001,6.955118,1,1,6,4,,
nvme-v2-first,0,startup,id-only,0.0,NotLoad,Loaded,True,25.024428,,,,,,,,,,
nvme-v2-vector,0,screening-or-control,with-vector,62.0,NotLoad,Loaded,True,17.884992,11.314809,5.022584999999999,0.6750760000000001,5.4073720000000005,1,1,4,2,,
nvme-v2-id,0,screening-or-control,id-only,62.0,NotLoad,Loaded,True,17.607407,11.829728000000001,4.2398299999999995,0.6718639999999999,5.546117,1,1,4,2,,
nvme-v2-notrace-first,0,startup,id-only,0.0,NotLoad,Loaded,True,24.335081,,,,,,,,,,
nvme-v2-notrace-vector,0,screening-or-control,with-vector,62.0,NotLoad,Loaded,True,18.061997,,,,,,,,,,
nvme-v3-first,0,startup,id-only,0.0,NotLoad,Loaded,True,30.618955,22.271988,6.735837,0.6686920000000001,11.431721000000001,1,1,4,3,,
nvme-v3-id-only-0,0,screening-or-control,id-only,62.0,NotLoad,Loaded,True,16.37083,12.024977999999999,2.871392,0.663171,6.156508999999999,1,1,2,1,0.5783490000000002,
nvme-v3-with-vector-0,0,screening-or-control,with-vector,62.0,NotLoad,Loaded,True,16.874219,12.093618000000001,3.1413020000000005,0.6955049999999999,5.900924999999998,1,1,2,1,0.5420800000000003,
nvme-v4-first,0,startup,id-only,0.0,NotLoad,Loaded,True,21.209408,,,,,,,,,,
nvme-v4-id-only-0,0,screening-or-control,id-only,62.0,NotLoad,Loaded,True,15.838533,11.617244999999999,2.771967,0.6778630000000001,6.160471,1,1,2,1,0.5943759999999996,
nvme-v4-with-vector-0,0,screening-or-control,with-vector,62.0,NotLoad,Loaded,True,16.046415,11.604631000000005,2.89908,0.6815089999999998,6.069313000000002,1,1,2,1,0.3952479999999996,
nvme-v5-first,0,startup,id-only,0.0,NotLoad,Loaded,True,26.861053,,,,,,,,,,
nvme-v5-id-only-0,0,screening-or-control,id-only,62.0,NotLoad,Loaded,True,14.89572,10.847436000000002,2.6632540000000002,0.6412100000000001,5.489211999999998,1,1,2,1,0.5058090000000002,
nvme-v5-with-vector-0,0,screening-or-control,with-vector,62.0,NotLoad,Loaded,True,15.144338,10.656989,2.9788550000000007,0.6659119999999998,5.348859000000001,1,1,2,1,0.4646099999999995,
nvme-v6-first,0,startup,id-only,0.0,NotLoad,Loaded,True,29.862845,,,,,,,,,,
nvme-v6-id-only-0,0,screening-or-control,id-only,62.0,NotLoad,Loaded,True,15.469696,9.238917999999998,4.740308999999998,0.624627,3.857383000000001,1,1,2,1,0.6173310000000001,
nvme-v6-with-vector-0,0,screening-or-control,with-vector,62.0,NotLoad,Loaded,True,16.522403,9.785962000000001,5.130492,0.648191,3.802757,1,1,2,1,0.5813869999999994,
nvme-v7-first,0,startup,id-only,0.0,NotLoad,Loaded,True,55.842162,,,,,,,,,,
nvme-v7-id-only-0,0,screening-or-control,id-only,62.0,NotLoad,Loaded,True,21.217579,14.731043,4.949059,0.8274250000000001,8.575088000000001,1,1,2,2,0,
nvme-v7-with-vector-0,0,screening-or-control,with-vector,62.0,NotLoad,Loaded,True,20.627365,14.067232999999998,5.022788,0.6974120000000001,7.859054999999997,1,1,2,2,0,
nvme-v8-first,0,startup,id-only,0.0,NotLoad,Loaded,True,31.742673,,,,,,,,,,
nvme-v8-id-only-0,0,screening-or-control,id-only,62.0,NotLoad,Loaded,True,29.91414,23.39117,4.9873959999999995,0.754452,14.680837000000002,1,1,2,1,0.361243,
nvme-v8-with-vector-0,0,screening-or-control,with-vector,62.0,NotLoad,Loaded,True,29.60911,22.41374,5.588502000000002,0.695868,16.37575,1,1,2,1,0.5169090000000001,
nvme-confirm-first,0,startup,id-only,0.0,NotLoad,Loaded,True,27.292697,,,,,,,,,,
nvme-confirm-id-only-0,0,release-formal,id-only,62.0,NotLoad,Loaded,True,16.055366,11.763159999999997,2.7635559999999995,0.9459079999999999,5.935040000000001,1,1,2,1,0.5480690000000008,
nvme-confirm-with-vector-0,0,release-formal,with-vector,62.0,NotLoad,Loaded,True,15.070208,10.719883999999999,2.859057999999999,0.6648610000000001,5.660720000000001,1,1,2,1,0.5111320000000008,
nvme-confirm-id-only-1,0,release-formal,id-only,62.0,NotLoad,Loaded,True,14.622684,10.734420000000002,2.481258,0.7319629999999999,5.559205000000001,1,1,2,1,0.5495950000000001,
nvme-confirm-with-vector-1,0,release-formal,with-vector,62.0,NotLoad,Loaded,True,15.832553,11.432329000000005,2.873076999999998,0.6524389999999999,6.028535999999997,1,1,2,1,0.5243139999999995,
nvme-confirm-id-only-2,0,release-formal,id-only,62.0,NotLoad,Loaded,True,15.502637,11.366766,2.661836000000001,0.6319389999999998,5.62969,1,1,2,1,0.6047089999999997,
nvme-confirm-with-vector-2,0,release-formal,with-vector,62.0,NotLoad,Loaded,True,15.122907,10.882552000000004,2.6901470000000005,0.6183500000000002,5.646270000000002,1,1,2,1,0.5434349999999997,
nvme-v9-first,0,startup,id-only,0.0,NotLoad,Loaded,True,27.129813,,,,,,,,,,
nvme-v9-id-only-0,0,screening-or-control,id-only,62.0,NotLoad,Loaded,True,15.604908,11.474839000000001,2.6792309999999997,0.696307,5.851018999999999,1,1,2,1,0.5574180000000002,
nvme-v9-with-vector-0,0,screening-or-control,with-vector,62.0,NotLoad,Loaded,True,15.222068,10.843506999999999,2.883711000000001,0.6086180000000002,5.232705000000001,1,1,2,1,0.44505000000000017,
nvme-v9-id-only-1,0,screening-or-control,id-only,62.0,NotLoad,Loaded,True,14.925959,10.977345,2.580497000000001,0.7736790000000002,5.449374999999999,1,1,2,1,0.5664259999999999,
nvme-v9-with-vector-1,0,screening-or-control,with-vector,62.0,NotLoad,Loaded,True,15.166502,10.969634,2.732960999999999,0.6508510000000001,5.731629000000002,1,1,2,1,0.5519850000000002,
nvme-v10-first,0,startup,with-vector,0.0,NotLoad,Loaded,True,22.057069,,,,,,,,,,
nvme-v10-id-only-0,0,screening-or-control,id-only,62.0,NotLoad,Loaded,True,20.558191,9.778531,9.334824000000001,0.7383280000000001,4.179235000000002,1,1,3,2,,
nvme-v10-with-vector-0,0,screening-or-control,with-vector,62.0,NotLoad,Loaded,True,15.182754,9.785511999999997,3.813292999999999,0.6482279999999998,4.443156,1,1,3,2,,
profile-go-id,0,screening-or-control,id-only,0.0,NotLoad,Loaded,True,25.968366,,,,,,,,,,
nvme-v11-first,0,startup,id-only,0.0,NotLoad,Loaded,True,20.578805,,,,,,,,,,
nvme-v11-id-only-0,0,screening-or-control,id-only,62.0,NotLoad,Loaded,True,15.934435,11.849523,2.6332020000000003,0.6879379999999999,6.333521,1,1,2,1,0.5771830000000007,
nvme-v11-with-vector-0,0,screening-or-control,with-vector,62.0,NotLoad,Loaded,True,16.233211,11.713272000000003,2.9834879999999995,0.7149969999999998,5.901134000000001,1,1,2,1,0.5605079999999996,
nvme-v12-first,0,startup,id-only,0.0,NotLoad,Loaded,True,27.902723,,,,,,,,,,
nvme-v12-id-only-0,0,screening-or-control,id-only,62.0,NotLoad,Loaded,True,15.288301,11.299925999999997,2.5607119999999997,0.678246,5.980875000000002,1,1,2,1,0.5726909999999998,
nvme-v12-with-vector-0,0,screening-or-control,with-vector,62.0,NotLoad,Loaded,True,16.041938,11.521411000000002,2.992939,0.6762330000000001,5.960908000000001,1,1,2,1,0.5234570000000005,
profile-native-v12,0,screening-or-control,id-only,0.0,NotLoad,Loaded,True,15.64912,,,,,,,,,,
nvme-v14-first,0,startup,id-only,0.25,NotLoad,Loaded,True,26.040867,,,,,,,,,,
nvme-v14-fast-id-only-0,0,screening-or-control,id-only,0.25,NotLoad,Loaded,True,15.136398,11.121406,2.5544469999999997,0.64905,5.669086999999999,1,1,2,1,0.4715119999999997,
nvme-v14-fast-with-vector-0,0,screening-or-control,with-vector,0.25,NotLoad,Loaded,True,14.670713,10.492031999999998,2.6144470000000006,0.6025470000000002,5.317551,1,1,2,1,0.4515659999999997,
nvme-v14-fast-id-only-1,0,screening-or-control,id-only,0.25,NotLoad,Loaded,True,14.208086,10.301144999999998,2.4507920000000003,0.7348300000000001,5.041528,1,1,2,1,0.44362499999999994,
nvme-v14-fast-with-vector-1,0,screening-or-control,with-vector,0.25,NotLoad,Loaded,True,14.67086,10.629253999999998,2.5228160000000006,0.6293649999999997,5.356437000000002,1,1,2,1,0.46947399999999995,
nvme-v14-tight-id,0,screening-or-control,id-only,0.25,NotLoad,Loaded,True,16.060355,10.952202000000002,2.362764,0.6687560000000004,5.687825,1,1,2,1,0.5271349999999995,
nvme-v14-tight-id,1,screening-or-control,id-only,0.25,NotLoad,Loaded,True,14.266277,10.557998,2.4877119999999997,0.622325,5.222128,1,1,2,1,0.5157499999999997,
nvme-v14-tight-id,2,screening-or-control,id-only,0.25,NotLoad,Loaded,True,13.666331,10.120136000000002,2.373321000000001,0.6645050000000001,5.037034000000003,1,1,2,1,0.5195739999999995,
nvme-v14-tight-vector,0,screening-or-control,with-vector,0.25,NotLoad,Loaded,True,14.693481,10.661488999999996,2.559671999999999,0.5888289999999999,5.538856000000002,1,1,2,1,0.4892310000000002,
nvme-v14-tight-vector,1,screening-or-control,with-vector,0.25,NotLoad,Loaded,True,14.659836,10.691901000000003,2.6010040000000005,0.5624849999999997,5.672469999999999,1,1,2,1,0.4888260000000004,
nvme-v14-tight-vector,2,screening-or-control,with-vector,0.25,NotLoad,Loaded,True,15.350851,11.516567000000006,2.5064939999999982,0.6512929999999998,5.104194999999999,1,1,2,1,0.47715399999999963,
profile-native-v14,0,screening-or-control,id-only,0.0,NotLoad,Loaded,True,14.651481,,,,,,,,,,
nvme-v14-long-id-only-0,0,screening-or-control,id-only,62.0,NotLoad,Loaded,True,15.059814,11.042561000000006,2.560136999999997,0.6741260000000006,5.548156999999998,1,1,2,1,0.5410839999999997,
nvme-v14-long-with-vector-0,0,screening-or-control,with-vector,62.0,NotLoad,Loaded,True,15.133761,10.891774999999992,2.739209999999999,0.6648869999999995,5.444740000000003,1,1,2,1,0.5461460000000002,
nvme-v15-first,0,startup,id-only,0.25,NotLoad,Loaded,True,26.33443,,,,,,,,,,
nvme-v15-fast-id-only-0,0,screening-or-control,id-only,0.25,NotLoad,Loaded,True,14.752674,10.616522,2.6596509999999998,0.6524480000000001,5.168993,1,1,2,1,0.44415899999999997,
nvme-v15-fast-with-vector-0,0,screening-or-control,with-vector,0.25,NotLoad,Loaded,True,15.698383,11.017565999999997,3.086208,0.6843109999999999,5.125566000000002,1,1,2,1,0.45880100000000024,
nvme-v15-fast-id-only-1,0,screening-or-control,id-only,0.25,NotLoad,Loaded,True,14.719149,10.779049999999998,2.4652530000000006,0.730989,5.287046,1,1,2,1,0.512213,
nvme-v15-fast-with-vector-1,0,screening-or-control,with-vector,0.25,NotLoad,Loaded,True,15.052523,10.624654999999997,2.7984259999999996,0.6388330000000001,5.097559999999998,1,1,2,1,0.46113099999999996,
nvme-v16-id,0,screening-or-control,id-only,0.25,NotLoad,Loaded,True,25.580171,,,,,,,,,,
nvme-v16-id,1,screening-or-control,id-only,0.25,NotLoad,Loaded,True,14.889501,,,,,,,,,,
nvme-v16-id,2,screening-or-control,id-only,0.25,NotLoad,Loaded,True,14.588558,,,,,,,,,,
nvme-v16-vector,0,screening-or-control,with-vector,0.25,NotLoad,Loaded,True,14.827515,,,,,,,,,,
nvme-v16-vector,1,screening-or-control,with-vector,0.25,NotLoad,Loaded,True,13.976816,,,,,,,,,,
nvme-v16-vector,2,screening-or-control,with-vector,0.25,NotLoad,Loaded,True,14.511009,,,,,,,,,,
profile-v16-cold-series,0,screening-or-control,id-only,0.25,NotLoad,Loaded,True,14.880676,,,,,,,,,,
profile-v16-cold-series,1,screening-or-control,id-only,0.25,NotLoad,Loaded,True,14.693727,,,,,,,,,,
profile-v16-cold-series,2,screening-or-control,id-only,0.25,NotLoad,Loaded,True,14.341522,,,,,,,,,,
profile-v16-cold-series,3,screening-or-control,id-only,0.25,NotLoad,Loaded,True,14.77526,,,,,,,,,,
profile-v16-cold-series,4,screening-or-control,id-only,0.25,NotLoad,Loaded,True,14.529867,,,,,,,,,,
profile-v16-cold-series,5,screening-or-control,id-only,0.25,NotLoad,Loaded,True,14.225399,,,,,,,,,,
profile-v16-cold-series,6,screening-or-control,id-only,0.25,NotLoad,Loaded,True,14.12119,,,,,,,,,,
profile-v16-cold-series,7,screening-or-control,id-only,0.25,NotLoad,Loaded,True,14.100156,,,,,,,,,,
profile-v16-cold-series,8,screening-or-control,id-only,0.25,NotLoad,Loaded,True,13.744098,,,,,,,,,,
profile-v16-cold-series,9,screening-or-control,id-only,0.25,NotLoad,Loaded,True,14.03682,,,,,,,,,,
profile-v16-cold-series,10,screening-or-control,id-only,0.25,NotLoad,Loaded,True,14.982093,,,,,,,,,,
profile-v16-cold-series,11,screening-or-control,id-only,0.25,NotLoad,Loaded,True,15.483697,,,,,,,,,,
profile-v16-cold-series,12,screening-or-control,id-only,0.25,NotLoad,Loaded,True,13.895553,,,,,,,,,,
profile-v16-cold-series,13,screening-or-control,id-only,0.25,NotLoad,Loaded,True,14.527178,,,,,,,,,,
profile-v16-cold-series,14,screening-or-control,id-only,0.25,NotLoad,Loaded,True,14.462247,,,,,,,,,,
profile-v16-cold-series,15,screening-or-control,id-only,0.25,NotLoad,Loaded,True,14.52847,,,,,,,,,,
profile-v16-cold-series,16,screening-or-control,id-only,0.25,NotLoad,Loaded,True,14.541442,,,,,,,,,,
profile-v16-cold-series,17,screening-or-control,id-only,0.25,NotLoad,Loaded,True,13.985758,,,,,,,,,,
profile-v16-cold-series,18,screening-or-control,id-only,0.25,NotLoad,Loaded,True,14.957133,,,,,,,,,,
profile-v16-cold-series,19,screening-or-control,id-only,0.25,NotLoad,Loaded,True,14.350492,,,,,,,,,,
nvme-v17-first,0,startup,id-only,0.25,NotLoad,Loading,False,120004.070573,,,,,,,,,,"<_InactiveRpcError of RPC that terminated with:
	status = StatusCode.DEADLINE_EXCEEDED
	details = ""Deadline Exceeded""
	debug_error_string = ""DEADLINE_EXCEEDED:Deadline Exceeded""
>"
nvme-v19-first,0,startup,id-only,0.25,NotLoad,Loaded,True,19.996795,,,,,,,,,,
nvme-v19-id-only-0,0,screening-or-control,id-only,0.25,NotLoad,Loaded,True,14.532218,10.533486,2.5776499999999998,0.6430210000000002,5.075904000000001,1,1,2,1,0.4367650000000003,
nvme-v19-with-vector-0,0,screening-or-control,with-vector,0.25,NotLoad,Loaded,True,16.837038,12.545310999999996,2.751597,0.613408,5.037112,1,1,2,1,0.5519020000000001,
nvme-v19-id-only-1,0,screening-or-control,id-only,0.25,NotLoad,Loaded,True,14.602664,10.570321,2.636953000000001,0.7158539999999999,5.170125000000001,1,1,2,1,0.4780519999999999,
nvme-v19-with-vector-1,0,screening-or-control,with-vector,0.25,NotLoad,Loaded,True,14.875548,10.590107000000001,2.6781719999999996,0.6062989999999998,5.271243999999998,1,1,2,1,0.5699629999999996,
nvme-v20-first,0,startup,id-only,0.25,NotLoad,Loaded,True,25.134816,,,,,,,,,,
nvme-v20-id-only-0,0,screening-or-control,id-only,0.25,NotLoad,Loaded,True,14.177543,10.229591,2.5806740000000006,0.626394,4.9750369999999995,1,1,2,1,0.540559,
nvme-v20-with-vector-0,0,screening-or-control,with-vector,0.25,NotLoad,Loaded,True,14.682727,10.336354000000002,2.800027,0.72339,4.686552000000002,1,1,2,1,0.4639800000000003,
nvme-v20-id-only-1,0,screening-or-control,id-only,0.25,NotLoad,Loaded,True,14.062091,10.129977999999998,2.50386,0.7112189999999999,4.84066,1,1,2,1,0.45916599999999974,
nvme-v20-with-vector-1,0,screening-or-control,with-vector,0.25,NotLoad,Loaded,True,14.277264,10.004162000000004,2.722925000000001,0.6678529999999999,4.655687000000002,1,1,2,1,0.45743199999999984,
nvme-v21-first,0,startup,id-only,0.25,NotLoad,Loaded,True,24.919026,,,,,,,,,,
nvme-v21-id-only-0,0,screening-or-control,id-only,0.25,NotLoad,Loaded,True,15.895605,11.540474999999997,2.811433999999999,0.7043730000000001,5.370463000000001,1,1,2,1,0.5027150000000002,
nvme-v21-with-vector-0,0,screening-or-control,with-vector,0.25,NotLoad,Loaded,True,15.019576,10.583493999999998,2.8210709999999994,0.6508619999999998,4.914079000000002,1,1,2,1,0.4898990000000003,
nvme-v21-id-only-1,0,screening-or-control,id-only,0.25,NotLoad,Loaded,True,14.285217,10.430691,2.441756,0.700188,5.004361999999999,1,1,2,1,0.5205010000000003,
nvme-v21-with-vector-1,0,screening-or-control,with-vector,0.25,NotLoad,Loaded,True,14.330986,10.225254000000003,2.5902300000000005,0.6186479999999999,5.016561999999999,1,1,2,1,0.5154719999999999,
nvme-v22-first,0,startup,id-only,0.25,NotLoad,Loaded,True,23.730266,,,,,,,,,,
nvme-v22-id-only-0,0,screening-or-control,id-only,0.25,NotLoad,Loaded,True,14.300388,10.204445,2.6103190000000005,0.6488569999999999,4.629327000000001,1,1,2,1,0.49493600000000004,
nvme-v22-with-vector-0,0,screening-or-control,with-vector,0.25,NotLoad,Loaded,True,13.957324,9.806248,2.7143470000000005,0.6327130000000001,4.516352000000001,1,1,2,1,0.47221399999999925,
nvme-v22-id-only-1,0,screening-or-control,id-only,0.25,NotLoad,Loaded,True,14.189587,10.228446000000002,2.475868000000001,0.7239299999999999,4.541784,1,1,2,1,0.5170590000000006,
nvme-v22-with-vector-1,0,screening-or-control,with-vector,0.25,NotLoad,Loaded,True,14.368261,10.359212999999999,2.537609999999999,0.8527869999999999,4.662164999999999,1,1,2,1,0.49799599999999966,
heap-path-check,0,screening-or-control,id-only,0.25,NotLoad,Loaded,True,14.639776,,,,,,,,,,
heap-path-check-native,0,screening-or-control,id-only,0.25,NotLoad,Loaded,True,15.251269,,,,,,,,,,
heap-probe,0,screening-or-control,with-vector,0.25,NotLoad,Loaded,True,19.110802,,,,,,,,,,
nvme-v23-id-only-0,0,screening-or-control,id-only,0.25,NotLoad,Loaded,True,50.938595,43.03216,6.197445999999999,0.650018,36.298926,1,1,4,3,,
nvme-v23-with-vector-0,0,screening-or-control,with-vector,0.25,NotLoad,Loaded,True,16.541312,11.613918000000002,3.261427,0.6669090000000001,5.251393,1,1,2,1,0.5386810000000004,
nvme-v23-id-only-1,0,screening-or-control,id-only,0.25,NotLoad,Loaded,True,13.906626,9.958908000000003,2.5306270000000004,0.6343200000000001,4.774824999999996,1,1,2,1,0.49802500000000016,
nvme-v23-with-vector-1,0,screening-or-control,with-vector,0.25,NotLoad,Loaded,True,15.235345,11.100423999999997,2.6005950000000007,0.9537619999999999,4.9829960000000035,1,1,2,1,0.491822,
nvme-v23-id-only-2,0,screening-or-control,id-only,0.25,NotLoad,Loaded,True,14.358306,10.297875999999997,2.5402020000000016,0.6378679999999998,4.679442999999998,1,1,2,1,0.5116450000000006,
nvme-v23-with-vector-2,0,screening-or-control,with-vector,0.25,NotLoad,Loaded,True,14.430839,10.325937999999994,2.593043999999999,0.6567940000000004,4.708513999999997,1,1,2,1,0.4658030000000011,
nvme-v24-id-only-0,0,screening-or-control,id-only,0.25,NotLoad,Loaded,True,23.481336,15.768232,6.114799,0.631197,9.844798,1,1,4,3,,
nvme-v24-with-vector-0,0,screening-or-control,with-vector,0.25,NotLoad,Loaded,True,14.46405,10.181472000000001,2.6920119999999996,0.61917,4.988293999999999,1,1,2,1,0.4818940000000005,
nvme-v24-id-only-1,0,screening-or-control,id-only,0.25,NotLoad,Loaded,True,14.533768,10.495150999999998,2.577523,0.7689110000000001,4.782147,1,1,2,1,0.5178950000000002,
nvme-v24-with-vector-1,0,screening-or-control,with-vector,0.25,NotLoad,Loaded,True,14.151648,10.134059,2.5307149999999994,0.7086050000000002,4.781861999999998,1,1,2,1,0.4942209999999996,
nvme-v24-id-only-2,0,screening-or-control,id-only,0.25,NotLoad,Loaded,True,14.666072,10.687914999999998,2.4716549999999997,0.697937,4.9604349999999995,1,1,2,1,0.5522720000000003,
nvme-v24-with-vector-2,0,screening-or-control,with-vector,0.25,NotLoad,Loaded,True,14.183242,9.954452999999996,2.732738000000002,0.7045469999999998,4.606904000000002,1,1,2,1,0.5104030000000002,
profile-v24-heap,0,screening-or-control,id-only,0.25,NotLoad,Loaded,True,14.345818,,,,,,,,,,
profile-v24-heap,1,screening-or-control,id-only,0.25,NotLoad,Loaded,True,13.578573,,,,,,,,,,
profile-v24-heap,2,screening-or-control,id-only,0.25,NotLoad,Loaded,True,13.909843,,,,,,,,,,
profile-v24-heap,3,screening-or-control,id-only,0.25,NotLoad,Loaded,True,14.840311,,,,,,,,,,
profile-v24-heap,4,screening-or-control,id-only,0.25,NotLoad,Loaded,True,13.53606,,,,,,,,,,
profile-v24-heap,5,screening-or-control,id-only,0.25,NotLoad,Loaded,True,14.030724,,,,,,,,,,
profile-v24-heap,6,screening-or-control,id-only,0.25,NotLoad,Loaded,True,13.958815,,,,,,,,,,
profile-v24-heap,7,screening-or-control,id-only,0.25,NotLoad,Loaded,True,14.082491,,,,,,,,,,
profile-v24-heap,8,screening-or-control,id-only,0.25,NotLoad,Loaded,True,14.426461,,,,,,,,,,
profile-v24-heap,9,screening-or-control,id-only,0.25,NotLoad,Loaded,True,14.091121,,,,,,,,,,
profile-v24-heap,10,screening-or-control,id-only,0.25,NotLoad,Loaded,True,13.965917,,,,,,,,,,
profile-v24-heap,11,screening-or-control,id-only,0.25,NotLoad,Loaded,True,14.062198,,,,,,,,,,
profile-v24-heap,12,screening-or-control,id-only,0.25,NotLoad,Loaded,True,13.922219,,,,,,,,,,
profile-v24-heap,13,screening-or-control,id-only,0.25,NotLoad,Loaded,True,14.165951,,,,,,,,,,
profile-v24-heap,14,screening-or-control,id-only,0.25,NotLoad,Loaded,True,14.020687,,,,,,,,,,
profile-v24-heap,15,screening-or-control,id-only,0.25,NotLoad,Loaded,True,14.334127,,,,,,,,,,
profile-v24-heap,16,screening-or-control,id-only,0.25,NotLoad,Loaded,True,13.410793,,,,,,,,,,
profile-v24-heap,17,screening-or-control,id-only,0.25,NotLoad,Loaded,True,13.935084,,,,,,,,,,
profile-v24-heap,18,screening-or-control,id-only,0.25,NotLoad,Loaded,True,14.026373,,,,,,,,,,
profile-v24-heap,19,screening-or-control,id-only,0.25,NotLoad,Loaded,True,14.260638,,,,,,,,,,
nvme-v25-id-only-0,0,screening-or-control,id-only,0.25,NotLoad,Loaded,True,59.41336,51.660829,6.054449,0.662211,44.385096,1,1,4,3,,
nvme-v25-with-vector-0,0,screening-or-control,with-vector,0.25,NotLoad,Loaded,True,14.080095,9.905362,2.6133230000000007,0.6308769999999999,4.628369999999999,1,1,2,1,0.4361359999999994,
nvme-v25-id-only-1,0,screening-or-control,id-only,0.25,NotLoad,Loaded,True,13.773672,9.861834000000007,2.463409999999999,0.642306,4.499577999999997,1,1,2,1,0.4782459999999995,
nvme-v25-with-vector-1,0,screening-or-control,with-vector,0.25,NotLoad,Loaded,True,14.395305,10.185395,2.638959999999999,0.7440379999999999,4.650051000000002,1,1,2,1,0.5350580000000003,
nvme-v25-id-only-2,0,screening-or-control,id-only,0.25,NotLoad,Loaded,True,13.668721,9.847743000000007,2.3800650000000005,0.6544760000000002,4.484474000000002,1,1,2,1,0.513865,
nvme-v25-with-vector-2,0,screening-or-control,with-vector,0.25,NotLoad,Loaded,True,14.981922,10.850518000000003,2.6408470000000017,0.6598050000000003,5.069148999999995,1,1,2,1,0.5022469999999997,
nvme-v26-id-only-0,0,screening-or-control,id-only,0.25,NotLoad,Loaded,True,23.176744,15.674466,5.832668,0.6287429999999999,9.288058,1,1,4,3,,
nvme-v26-with-vector-0,0,screening-or-control,with-vector,0.25,NotLoad,Loaded,True,13.989123,9.982627,2.493027000000001,0.626574,4.63882,1,1,2,1,0.5676329999999998,
nvme-v26-id-only-1,0,screening-or-control,id-only,0.25,NotLoad,Loaded,True,14.003317,9.967124999999998,2.616832999999999,0.629035,4.499189,1,1,2,1,0.500921,
nvme-v26-with-vector-1,0,screening-or-control,with-vector,0.25,NotLoad,Loaded,True,13.924399,9.856882999999996,2.6106879999999997,0.7366499999999999,4.4517240000000005,1,1,2,1,0.5656160000000003,
nvme-v26-id-only-2,0,screening-or-control,id-only,0.25,NotLoad,Loaded,True,28.462983,9.504211999999997,17.52926,0.649555,4.323575999999999,1,1,2,1,0.422721000000001,
nvme-v26-with-vector-2,0,screening-or-control,with-vector,0.25,NotLoad,Loaded,True,14.223348,10.035787000000004,2.6207900000000013,0.6531329999999997,4.616181,1,1,2,1,0.5283819999999997,
nvme-v27-id-only-0,0,screening-or-control,id-only,0.25,NotLoad,Loaded,True,24.146449,16.284406,6.21249,0.664168,9.659048,1,1,4,3,,
nvme-v27-with-vector-0,0,screening-or-control,with-vector,0.25,NotLoad,Loaded,True,14.340038,10.108789999999999,2.7132880000000004,0.6164719999999999,4.797492,1,1,2,1,0.4832559999999999,
nvme-v27-id-only-1,0,screening-or-control,id-only,0.25,NotLoad,Loaded,True,13.781644,9.877553000000004,2.496460000000001,0.6403630000000001,4.587789999999998,1,1,2,1,0.505636,
nvme-v27-with-vector-1,0,screening-or-control,with-vector,0.25,NotLoad,Loaded,True,17.427491,13.324095000000002,2.6210309999999994,0.6287760000000001,7.022944,1,1,2,1,0.5183989999999996,
nvme-v27-id-only-2,0,screening-or-control,id-only,0.25,NotLoad,Loaded,True,13.380212,9.508520999999998,2.465041000000001,0.6278690000000001,4.476583999999999,1,1,2,1,0.4843080000000004,
nvme-v27-with-vector-2,0,screening-or-control,with-vector,0.25,NotLoad,Loaded,True,14.261895,10.268705000000002,2.4819280000000012,0.6401710000000002,4.672511000000001,1,1,2,1,0.5262600000000006,
nvme-v28-startup,0,startup,id-only,62.0,NotLoad,Loaded,True,23.673941,,,,,,,,,,
nvme-v28-confirm-id-only-0,0,release-formal,id-only,62.0,NotLoad,Loaded,True,14.173603,10.268322,2.448573,0.6798610000000002,4.839391,1,1,2,1,0.5293669999999997,
nvme-v28-confirm-with-vector-0,0,release-formal,with-vector,62.0,NotLoad,Loaded,True,14.915642,10.699598000000002,2.648671,0.6882770000000001,5.186783999999999,1,1,2,1,0.48015200000000036,
nvme-v28-confirm-id-only-1,0,release-formal,id-only,62.0,NotLoad,Loaded,True,14.228072,10.378263999999998,2.452572,0.7316129999999998,4.895278999999999,1,1,2,1,0.49466699999999975,
nvme-v28-confirm-with-vector-1,0,release-formal,with-vector,62.0,NotLoad,Loaded,True,14.575993,10.458152999999998,2.6301219999999987,0.6425570000000002,4.898528999999999,1,1,2,1,0.5622159999999994,
nvme-v28-confirm-id-only-2,0,release-formal,id-only,62.0,NotLoad,Loaded,True,14.066188,10.090558999999999,2.5113270000000005,0.6073069999999996,4.839742000000001,1,1,2,1,0.6092519999999997,
nvme-v28-confirm-with-vector-2,0,release-formal,with-vector,62.0,NotLoad,Loaded,True,14.734035,10.516399999999996,2.6567559999999997,0.6909569999999998,4.9074919999999995,1,1,2,1,0.5180119999999997,
nvme-v29-startup,0,startup,id-only,0.25,NotLoad,Loaded,True,25.018745,,,,,,,,,,
nvme-v29-id-only-0,0,screening-or-control,id-only,0.25,NotLoad,Loaded,True,15.093645,11.032879000000003,2.5351210000000006,0.711482,5.080926000000002,1,1,2,1,0.4698899999999995,
nvme-v29-with-vector-0,0,screening-or-control,with-vector,0.25,NotLoad,Loaded,True,14.943007,10.570501000000004,2.767894,0.6755820000000001,4.930251999999999,1,1,2,1,0.4332389999999995,
nvme-v29-id-only-1,0,screening-or-control,id-only,0.25,NotLoad,Loaded,True,14.659746,10.652448000000001,2.5290339999999993,0.7966219999999998,4.997860999999999,1,1,2,1,0.5195340000000002,
nvme-v29-with-vector-1,0,screening-or-control,with-vector,0.25,NotLoad,Loaded,True,14.468333,10.354170000000003,2.5643590000000005,0.6429880000000001,4.826027,1,1,2,1,0.4361930000000003,
nvme-v29-id-only-2,0,screening-or-control,id-only,0.25,NotLoad,Loaded,True,14.794292,10.760128999999994,2.5548849999999996,0.6255449999999999,4.979741000000002,1,1,2,1,0.44976599999999944,
nvme-v29-with-vector-2,0,screening-or-control,with-vector,0.25,NotLoad,Loaded,True,14.451878,10.293956999999992,2.5995779999999984,0.6253429999999995,4.832473000000004,1,1,2,1,0.5844959999999997,
nvme-v30-startup,0,startup,id-only,0.25,NotLoad,Loaded,True,24.15739,,,,,,,,,,
nvme-v30-id-only-0,0,screening-or-control,id-only,0.25,NotLoad,Loaded,True,14.326333,10.424577000000001,2.459011,0.67386,4.858789000000001,1,1,2,1,0.4272960000000001,
nvme-v30-with-vector-0,0,screening-or-control,with-vector,0.25,NotLoad,Loaded,True,14.718675,10.553943,2.6104049999999996,0.6721699999999999,4.87307,1,1,2,1,0.5052649999999996,
nvme-v30-id-only-1,0,screening-or-control,id-only,0.25,NotLoad,Loaded,True,14.044448,10.190242000000001,2.4049750000000003,0.756049,4.748576000000001,1,1,2,1,0.5150350000000001,
nvme-v30-with-vector-1,0,screening-or-control,with-vector,0.25,NotLoad,Loaded,True,13.792449,9.887967999999997,2.4701740000000005,0.6399119999999998,4.410863000000001,1,1,2,1,0.4584900000000003,
nvme-v30-id-only-2,0,screening-or-control,id-only,0.25,NotLoad,Loaded,True,14.133738,10.218846000000003,2.5217189999999987,0.6438050000000003,4.7251689999999975,1,1,2,1,0.48354499999999945,
nvme-v30-with-vector-2,0,screening-or-control,with-vector,0.25,NotLoad,Loaded,True,13.975488,9.927458,2.563322999999999,0.5995699999999998,4.554811999999998,1,1,2,1,0.4955470000000002,
nvme-v30-steady-id-only-0,0,screening-or-control,id-only,0.25,NotLoad,Loaded,True,13.938525,10.085287999999998,2.4341559999999998,0.6099239999999996,4.8957780000000035,1,1,2,1,0.5152979999999996,
nvme-v30-steady-with-vector-0,0,screening-or-control,with-vector,0.25,NotLoad,Loaded,True,13.753752,9.780477999999995,2.504148000000001,0.6269409999999997,4.605861000000003,1,1,2,1,0.5380450000000003,
nvme-v30-steady-id-only-1,0,screening-or-control,id-only,0.25,NotLoad,Loaded,True,13.579261,9.820996,2.325153,0.6457839999999999,4.477682999999996,1,1,2,1,0.4578220000000002,
nvme-v30-steady-with-vector-1,0,screening-or-control,with-vector,0.25,NotLoad,Loaded,True,13.886086,9.808113999999993,2.522835000000001,0.7022959999999998,4.496975,1,1,2,1,0.5128349999999999,
nvme-v30-steady-id-only-2,0,screening-or-control,id-only,0.25,NotLoad,Loaded,True,13.741415,9.897537000000012,2.3846059999999976,0.6269450000000003,4.574490000000001,1,1,2,1,0.5400830000000001,
nvme-v30-steady-with-vector-2,0,screening-or-control,with-vector,0.25,NotLoad,Loaded,True,13.506548,9.516010999999992,2.4750850000000018,0.6193649999999993,4.5735410000000005,1,1,2,1,0.5084359999999997,
nvme-v31-id-only-0,0,screening-or-control,id-only,0.25,NotLoad,Loaded,True,24.474245,16.723099,6.036078,0.497665,10.012521999999999,1,1,4,3,,
nvme-v31-with-vector-0,0,screening-or-control,with-vector,0.25,NotLoad,Loaded,True,14.490138,10.286752,2.71943,0.5514610000000001,5.07353,1,1,2,1,0.4511789999999998,
nvme-v31-id-only-1,0,screening-or-control,id-only,0.25,NotLoad,Loaded,True,13.972276,10.191341,2.3913519999999995,0.543632,4.822220999999998,1,1,2,1,0.500642,
nvme-v31-with-vector-1,0,screening-or-control,with-vector,0.25,NotLoad,Loaded,True,13.487102,9.702290000000001,2.4072169999999997,0.620621,4.7505489999999995,1,1,2,1,0.5314320000000006,
nvme-v31-id-only-2,0,screening-or-control,id-only,0.25,NotLoad,Loaded,True,13.870095,9.983035000000001,2.480948000000002,0.4911830000000001,4.855333999999999,1,1,2,1,0.5223180000000003,
nvme-v31-with-vector-2,0,screening-or-control,with-vector,0.25,NotLoad,Loaded,True,13.850765,9.943094000000006,2.485608,0.4890710000000002,4.829389,1,1,2,1,0.509614,
nvme-v32-roll-baseline,0,screening-or-control,id-only,,NotLoad,Loaded,True,24.04032,,,,,,,,,,
nvme-v32-roll-baseline,1,screening-or-control,with-vector,,NotLoad,Loaded,True,14.42214,,,,,,,,,,
nvme-v32-roll-baseline,2,screening-or-control,id-only,,NotLoad,Loaded,True,13.439439,,,,,,,,,,
nvme-v32-roll-baseline,3,screening-or-control,with-vector,,NotLoad,Loaded,True,12.404508,,,,,,,,,,
nvme-v32-roll-baseline,4,screening-or-control,id-only,,NotLoad,Loaded,True,13.278134,,,,,,,,,,
nvme-v32-roll-baseline,5,screening-or-control,with-vector,,NotLoad,Loaded,True,13.749049,,,,,,,,,,
nvme-v32-roll-baseline,6,screening-or-control,id-only,,NotLoad,Loaded,True,12.91847,,,,,,,,,,
nvme-v32-roll-baseline,7,screening-or-control,with-vector,,NotLoad,Loaded,True,12.514784,,,,,,,,,,
nvme-v32-roll-baseline,8,screening-or-control,id-only,,NotLoad,Loaded,True,12.997967,,,,,,,,,,
nvme-v32-roll-baseline,9,screening-or-control,with-vector,,NotLoad,Loaded,True,12.30701,,,,,,,,,,
nvme-v32-roll-baseline,10,screening-or-control,id-only,,NotLoad,Loaded,True,12.124148,,,,,,,,,,
nvme-v32-roll-baseline,11,screening-or-control,with-vector,,NotLoad,Loaded,True,12.338296,,,,,,,,,,
nvme-v32-roll-baseline,12,screening-or-control,id-only,,NotLoad,Loaded,True,12.01881,,,,,,,,,,
nvme-v32-roll-baseline,13,screening-or-control,with-vector,,NotLoad,Loaded,True,12.168791,,,,,,,,,,
nvme-v32-roll-baseline,14,screening-or-control,id-only,,NotLoad,Loaded,True,12.146398,,,,,,,,,,
nvme-v32-roll-baseline,15,screening-or-control,with-vector,,NotLoad,Loaded,True,12.506247,,,,,,,,,,
nvme-v32-roll-baseline,16,screening-or-control,id-only,,NotLoad,Loaded,True,5041.007646,,,,,,,,,,
nvme-v32-roll-baseline,17,screening-or-control,with-vector,,NotLoad,Loaded,True,13.581297,,,,,,,,,,
nvme-v32-roll-baseline,18,screening-or-control,id-only,,NotLoad,Loaded,True,13.611216,,,,,,,,,,
nvme-v32-roll-baseline,19,screening-or-control,with-vector,,NotLoad,Loaded,True,13.119377,,,,,,,,,,
nvme-v32-roll-baseline,20,screening-or-control,id-only,,NotLoad,Loaded,True,13.364769,,,,,,,,,,
nvme-v32-roll-baseline,21,screening-or-control,with-vector,,NotLoad,Loaded,True,12.470142,,,,,,,,,,
nvme-v32-roll-baseline,22,screening-or-control,id-only,,NotLoad,Loaded,True,12.410255,,,,,,,,,,
nvme-v32-roll-baseline,23,screening-or-control,with-vector,,NotLoad,Loaded,True,12.825434,,,,,,,,,,
nvme-v32-roll-baseline,24,screening-or-control,id-only,,NotLoad,Loaded,True,12.240344,,,,,,,,,,
nvme-v32-roll-baseline,25,screening-or-control,with-vector,,NotLoad,Loaded,True,13.041479,,,,,,,,,,
nvme-v32-roll-baseline,26,screening-or-control,id-only,,NotLoad,Loaded,True,12.610781,,,,,,,,,,
nvme-v32-roll-baseline,27,screening-or-control,with-vector,,NotLoad,Loaded,True,11.827363,,,,,,,,,,
nvme-v32-roll-baseline,28,screening-or-control,id-only,,NotLoad,Loaded,True,12.575655,,,,,,,,,,
nvme-v32-roll-baseline,29,screening-or-control,with-vector,,NotLoad,Loaded,True,12.027797,,,,,,,,,,
nvme-v32-roll-baseline,30,screening-or-control,id-only,,NotLoad,Loaded,True,12.319002,,,,,,,,,,
nvme-v32-roll-baseline,31,screening-or-control,with-vector,,NotLoad,Loaded,True,12.783154,,,,,,,,,,
nvme-v32-roll-baseline,32,screening-or-control,id-only,,NotLoad,Loaded,True,12.115958,,,,,,,,,,
nvme-v32-roll-baseline,33,screening-or-control,with-vector,,NotLoad,Loaded,True,5041.775583,,,,,,,,,,
nvme-v32-roll-baseline,34,screening-or-control,id-only,,NotLoad,Loaded,True,13.217504,,,,,,,,,,
nvme-v32-roll-baseline,35,screening-or-control,with-vector,,NotLoad,Loaded,True,12.785452,,,,,,,,,,
nvme-v32-roll-baseline,36,screening-or-control,id-only,,NotLoad,Loaded,True,12.454773,,,,,,,,,,
nvme-v32-roll-baseline,37,screening-or-control,with-vector,,NotLoad,Loaded,True,12.207999,,,,,,,,,,
nvme-v32-roll-baseline,38,screening-or-control,id-only,,NotLoad,Loaded,True,12.608882,,,,,,,,,,
nvme-v32-roll-baseline,39,screening-or-control,with-vector,,NotLoad,Loaded,True,12.279378,,,,,,,,,,
nvme-v32-roll-baseline,40,screening-or-control,id-only,,NotLoad,Loaded,True,12.263545,,,,,,,,,,
nvme-v32-roll-baseline,41,screening-or-control,with-vector,,NotLoad,Loaded,True,12.027298,,,,,,,,,,
nvme-v32-roll-baseline,42,screening-or-control,id-only,,NotLoad,Loaded,True,12.393121,,,,,,,,,,
nvme-v32-roll-baseline,43,screening-or-control,with-vector,,NotLoad,Loaded,True,12.387459,,,,,,,,,,
nvme-v32-roll-baseline,44,screening-or-control,id-only,,NotLoad,Loaded,True,11.561251,,,,,,,,,,
nvme-v32-roll-baseline,45,screening-or-control,with-vector,,NotLoad,Loaded,True,11.724758,,,,,,,,,,
nvme-v32-roll-baseline,46,screening-or-control,id-only,,NotLoad,Loaded,True,12.140796,,,,,,,,,,
nvme-v32-roll-baseline,47,screening-or-control,with-vector,,NotLoad,Loaded,True,11.907003,,,,,,,,,,
nvme-v32-roll-baseline,48,screening-or-control,id-only,,NotLoad,Loaded,True,11.520625,,,,,,,,,,
nvme-v32-roll-baseline,49,screening-or-control,with-vector,,NotLoad,Loaded,True,12.124817,,,,,,,,,,
nvme-v32-roll-baseline,50,screening-or-control,id-only,,NotLoad,Loaded,True,5040.654587,,,,,,,,,,
nvme-v32-roll-baseline,51,screening-or-control,with-vector,,NotLoad,Loaded,True,12.984631,,,,,,,,,,
nvme-v32-roll-baseline,52,screening-or-control,id-only,,NotLoad,Loaded,True,13.002429,,,,,,,,,,
nvme-v32-roll-baseline,53,screening-or-control,with-vector,,NotLoad,Loaded,True,12.811422,,,,,,,,,,
nvme-v32-roll-baseline,54,screening-or-control,id-only,,NotLoad,Loaded,True,12.934245,,,,,,,,,,
nvme-v32-roll-baseline,55,screening-or-control,with-vector,,NotLoad,Loaded,True,13.809461,,,,,,,,,,
nvme-v32-roll-baseline,56,screening-or-control,id-only,,NotLoad,Loaded,True,12.518541,,,,,,,,,,
nvme-v32-roll-baseline,57,screening-or-control,with-vector,,NotLoad,Loaded,True,13.004401,,,,,,,,,,
nvme-v32-roll-baseline,58,screening-or-control,id-only,,NotLoad,Loaded,True,12.310749,,,,,,,,,,
nvme-v32-roll-baseline,59,screening-or-control,with-vector,,NotLoad,Loaded,True,4988.553164,,,,,,,,,,
nvme-v33-roll-candidate,0,screening-or-control,id-only,,NotLoad,Loaded,True,25.396105,,,,,,,,,,
nvme-v33-roll-candidate,1,screening-or-control,with-vector,,NotLoad,Loaded,True,14.309323,,,,,,,,,,
nvme-v33-roll-candidate,2,screening-or-control,id-only,,NotLoad,Loaded,True,13.516438,,,,,,,,,,
nvme-v33-roll-candidate,3,screening-or-control,with-vector,,NotLoad,Loaded,True,13.824408,,,,,,,,,,
nvme-v33-roll-candidate,4,screening-or-control,id-only,,NotLoad,Loaded,True,12.721996,,,,,,,,,,
nvme-v33-roll-candidate,5,screening-or-control,with-vector,,NotLoad,Loaded,True,12.445057,,,,,,,,,,
nvme-v33-roll-candidate,6,screening-or-control,id-only,,NotLoad,Loaded,True,11.947072,,,,,,,,,,
nvme-v33-roll-candidate,7,screening-or-control,with-vector,,NotLoad,Loaded,True,12.159204,,,,,,,,,,
nvme-v33-roll-candidate,8,screening-or-control,id-only,,NotLoad,Loaded,True,13.661436,,,,,,,,,,
nvme-v33-roll-candidate,9,screening-or-control,with-vector,,NotLoad,Loaded,True,12.171132,,,,,,,,,,
nvme-v33-roll-candidate,10,screening-or-control,id-only,,NotLoad,Loaded,True,12.106772,,,,,,,,,,
nvme-v33-roll-candidate,11,screening-or-control,with-vector,,NotLoad,Loaded,True,12.966315,,,,,,,,,,
nvme-v33-roll-candidate,12,screening-or-control,id-only,,NotLoad,Loaded,True,13.019903,,,,,,,,,,
nvme-v33-roll-candidate,13,screening-or-control,with-vector,,NotLoad,Loaded,True,12.260488,,,,,,,,,,
nvme-v33-roll-candidate,14,screening-or-control,id-only,,NotLoad,Loaded,True,12.041395,,,,,,,,,,
nvme-v33-roll-candidate,15,screening-or-control,with-vector,,NotLoad,Loaded,True,12.144217,,,,,,,,,,
nvme-v33-roll-candidate,16,screening-or-control,id-only,,NotLoad,Loaded,True,12.43515,,,,,,,,,,
nvme-v33-roll-candidate,17,screening-or-control,with-vector,,NotLoad,Loaded,True,13.707748,,,,,,,,,,
nvme-v33-roll-candidate,18,screening-or-control,id-only,,NotLoad,Loaded,True,12.150198,,,,,,,,,,
nvme-v33-roll-candidate,19,screening-or-control,with-vector,,NotLoad,Loaded,True,12.329467,,,,,,,,,,
nvme-v33-roll-candidate,20,screening-or-control,id-only,,NotLoad,Loaded,True,12.457253,,,,,,,,,,
nvme-v33-roll-candidate,21,screening-or-control,with-vector,,NotLoad,Loaded,True,12.937353,,,,,,,,,,
nvme-v33-roll-candidate,22,screening-or-control,id-only,,NotLoad,Loaded,True,11.99867,,,,,,,,,,
nvme-v33-roll-candidate,23,screening-or-control,with-vector,,NotLoad,Loaded,True,12.59365,,,,,,,,,,
nvme-v33-roll-candidate,24,screening-or-control,id-only,,NotLoad,Loaded,True,12.315686,,,,,,,,,,
nvme-v33-roll-candidate,25,screening-or-control,with-vector,,NotLoad,Loaded,True,12.605352,,,,,,,,,,
nvme-v33-roll-candidate,26,screening-or-control,id-only,,NotLoad,Loaded,True,13.858267,,,,,,,,,,
nvme-v33-roll-candidate,27,screening-or-control,with-vector,,NotLoad,Loaded,True,12.100972,,,,,,,,,,
nvme-v33-roll-candidate,28,screening-or-control,id-only,,NotLoad,Loaded,True,12.991676,,,,,,,,,,
nvme-v33-roll-candidate,29,screening-or-control,with-vector,,NotLoad,Loaded,True,11.934177,,,,,,,,,,
nvme-v33-roll-candidate,30,screening-or-control,id-only,,NotLoad,Loaded,True,12.948101,,,,,,,,,,
nvme-v33-roll-candidate,31,screening-or-control,with-vector,,NotLoad,Loaded,True,13.494882,,,,,,,,,,
nvme-v33-roll-candidate,32,screening-or-control,id-only,,NotLoad,Loaded,True,12.838349,,,,,,,,,,
nvme-v33-roll-candidate,33,screening-or-control,with-vector,,NotLoad,Loaded,True,12.373817,,,,,,,,,,
nvme-v33-roll-candidate,34,screening-or-control,id-only,,NotLoad,Loaded,True,12.090473,,,,,,,,,,
nvme-v33-roll-candidate,35,screening-or-control,with-vector,,NotLoad,Loaded,True,12.096684,,,,,,,,,,
nvme-v33-roll-candidate,36,screening-or-control,id-only,,NotLoad,Loaded,True,12.204292,,,,,,,,,,
nvme-v33-roll-candidate,37,screening-or-control,with-vector,,NotLoad,Loaded,True,11.897989,,,,,,,,,,
nvme-v33-roll-candidate,38,screening-or-control,id-only,,NotLoad,Loaded,True,12.837509,,,,,,,,,,
nvme-v33-roll-candidate,39,screening-or-control,with-vector,,NotLoad,Loaded,True,13.356555,,,,,,,,,,
nvme-v33-roll-candidate,40,screening-or-control,id-only,,NotLoad,Loaded,True,13.419472,,,,,,,,,,
nvme-v33-roll-candidate,41,screening-or-control,with-vector,,NotLoad,Loaded,True,12.444138,,,,,,,,,,
nvme-v33-roll-candidate,42,screening-or-control,id-only,,NotLoad,Loaded,True,13.360139,,,,,,,,,,
nvme-v33-roll-candidate,43,screening-or-control,with-vector,,NotLoad,Loaded,True,16.49621,,,,,,,,,,
nvme-v33-roll-candidate,44,screening-or-control,id-only,,NotLoad,Loaded,True,13.54565,,,,,,,,,,
nvme-v33-roll-candidate,45,screening-or-control,with-vector,,NotLoad,Loaded,True,13.538371,,,,,,,,,,
nvme-v33-roll-candidate,46,screening-or-control,id-only,,NotLoad,Loaded,True,12.307005,,,,,,,,,,
nvme-v33-roll-candidate,47,screening-or-control,with-vector,,NotLoad,Loaded,True,12.836449,,,,,,,,,,
nvme-v33-roll-candidate,48,screening-or-control,id-only,,NotLoad,Loaded,True,12.231151,,,,,,,,,,
nvme-v33-roll-candidate,49,screening-or-control,with-vector,,NotLoad,Loaded,True,13.698097,,,,,,,,,,
nvme-v33-roll-candidate,50,screening-or-control,id-only,,NotLoad,Loaded,True,12.762449,,,,,,,,,,
nvme-v33-roll-candidate,51,screening-or-control,with-vector,,NotLoad,Loaded,True,12.483375,,,,,,,,,,
nvme-v33-roll-candidate,52,screening-or-control,id-only,,NotLoad,Loaded,True,12.665383,,,,,,,,,,
nvme-v33-roll-candidate,53,screening-or-control,with-vector,,NotLoad,Loaded,True,16.60182,,,,,,,,,,
nvme-v33-roll-candidate,54,screening-or-control,id-only,,NotLoad,Loaded,True,11.992619,,,,,,,,,,
nvme-v33-roll-candidate,55,screening-or-control,with-vector,,NotLoad,Loaded,True,12.252185,,,,,,,,,,
nvme-v33-roll-candidate,56,screening-or-control,id-only,,NotLoad,Loaded,True,12.497805,,,,,,,,,,
nvme-v33-roll-candidate,57,screening-or-control,with-vector,,NotLoad,Loaded,True,12.895196,,,,,,,,,,
nvme-v33-roll-candidate,58,screening-or-control,id-only,,NotLoad,Loaded,True,12.900533,,,,,,,,,,
nvme-v33-roll-candidate,59,screening-or-control,with-vector,,NotLoad,Loaded,True,12.772336,,,,,,,,,,
nvme-v34-startup,0,startup,id-only,0.0,NotLoad,Loaded,True,23.960223,,,,,,,,,,
nvme-v34-confirm-id-only-0,0,release-formal,id-only,62.0,NotLoad,Loaded,True,14.200749,10.311656999999999,2.4491969999999994,0.5999059999999999,5.096237,1,1,2,1,0.5899420000000006,
nvme-v34-confirm-with-vector-0,0,release-formal,with-vector,62.0,NotLoad,Loaded,True,15.060233,10.611646000000002,2.8842669999999995,0.5701019999999999,5.024456000000002,1,1,2,1,0.5420189999999998,
nvme-v34-confirm-id-only-1,0,release-formal,id-only,62.0,NotLoad,Loaded,True,14.947979,10.872198999999998,2.479063,0.5347580000000002,4.990939,1,1,2,1,0.530907,
nvme-v34-confirm-with-vector-1,0,release-formal,with-vector,62.0,NotLoad,Loaded,True,14.216432,9.994584000000001,2.6880970000000004,0.5153509999999998,4.843235000000002,1,1,2,1,0.5219860000000001,
nvme-v34-confirm-id-only-2,0,release-formal,id-only,62.0,NotLoad,Loaded,True,14.186496,10.240986000000007,2.4967949999999997,0.507993,4.850352000000003,1,1,2,1,0.5665069999999996,
nvme-v34-confirm-with-vector-2,0,release-formal,with-vector,62.0,NotLoad,Loaded,True,14.642178,10.458009000000004,2.6537839999999995,0.5065690000000002,4.964479000000001,1,1,2,1,0.56419,
nvme-v35-startup,0,startup,id-only,0.0,NotLoad,Loaded,True,24.803848,,,,,,,,,,
nvme-v35-combined-id-only-0,0,screening-or-control,id-only,0.1,NotLoad,Loaded,True,14.32025,10.236538,2.599001000000001,0.5138640000000001,5.159174000000001,1,1,2,1,0.44471799999999906,
nvme-v35-combined-with-vector-0,0,screening-or-control,with-vector,0.1,NotLoad,Loaded,True,14.000371,9.751044999999996,2.746134000000001,0.49374300000000004,4.878674999999999,1,1,2,1,0.5720330000000002,
nvme-v35-combined-id-only-1,0,screening-or-control,id-only,0.1,NotLoad,Loaded,True,13.941356,10.135029000000003,2.3830280000000004,0.6675540000000001,4.882798000000001,1,1,2,1,0.4412919999999998,
nvme-v35-combined-with-vector-1,0,screening-or-control,with-vector,0.1,NotLoad,Loaded,True,13.753122,9.758493999999999,2.4679990000000003,0.5486979999999998,4.662823,1,1,2,1,0.5047410000000001,
nvme-v35-combined-id-only-2,0,screening-or-control,id-only,0.1,NotLoad,Loaded,True,13.275528,9.572898000000004,2.259190000000001,0.4800809999999998,4.7456169999999975,1,1,2,1,0.5398300000000003,
nvme-v35-combined-with-vector-2,0,screening-or-control,with-vector,0.1,NotLoad,Loaded,True,13.632409,9.588667999999995,2.517681000000001,0.5326889999999999,4.8221000000000025,1,1,2,1,0.5299339999999999,
nvme-v36-startup,0,startup,id-only,0.0,NotLoad,Loaded,True,23.812739,,,,,,,,,,
nvme-v36-immutable-id-only-0,0,screening-or-control,id-only,0.1,NotLoad,Loaded,True,13.833099,9.959598,2.4705210000000006,0.51761,4.965439,1,1,2,1,0.45882999999999985,
nvme-v36-immutable-with-vector-0,0,screening-or-control,with-vector,0.1,NotLoad,Loaded,True,14.10571,9.843587999999997,2.6785190000000005,0.5204209999999999,4.701891000000002,1,1,2,1,0.586392,
nvme-v36-immutable-id-only-1,0,screening-or-control,id-only,0.1,NotLoad,Loaded,True,13.622019,9.591611,2.5793410000000008,0.604061,4.718410999999999,1,1,2,1,0.48402999999999974,
nvme-v36-immutable-with-vector-1,0,screening-or-control,with-vector,0.1,NotLoad,Loaded,True,13.784012,9.711409000000003,2.5830359999999986,0.49927499999999997,4.740892,1,1,2,1,0.416995,
nvme-v36-immutable-id-only-2,0,screening-or-control,id-only,0.1,NotLoad,Loaded,True,14.293784,10.195725000000003,2.6238999999999986,0.569581,4.845230000000003,1,1,2,1,0.5631620000000002,
nvme-v36-immutable-with-vector-2,0,screening-or-control,with-vector,0.1,NotLoad,Loaded,True,13.616331,9.548874999999999,2.5483549999999986,0.4979590000000001,4.536293000000004,1,1,2,1,0.5326370000000002,
nvme-v37-debug,0,screening-or-control,with-vector,0.0,NotLoad,Loaded,True,26.195609,,,,,,,,,,
nvme-v38-startup,0,startup,id-only,0.0,NotLoad,Loaded,True,25.995561,,,,,,,,,,
nvme-v38-immutable-id-only-0,0,screening-or-control,id-only,0.1,NotLoad,Loaded,True,13.375295,9.529011,2.4180139999999994,0.48141799999999996,4.766877000000001,1,1,2,1,0.5057410000000004,
nvme-v38-immutable-with-vector-0,0,screening-or-control,with-vector,0.1,NotLoad,Loaded,True,13.980961,9.661466,2.7348310000000002,0.4824860000000001,4.690044000000001,1,1,2,1,0.5898490000000001,
nvme-v38-immutable-id-only-1,0,screening-or-control,id-only,0.1,NotLoad,Loaded,True,13.182137,9.315666,2.3943149999999993,0.6812549999999997,4.489324999999999,1,1,2,1,0.5267499999999998,
nvme-v38-immutable-with-vector-1,0,screening-or-control,with-vector,0.1,NotLoad,Loaded,True,13.378776,9.420491000000004,2.4670689999999986,0.49146099999999987,4.550314,1,1,2,1,0.5417200000000006,
nvme-v38-immutable-id-only-2,0,screening-or-control,id-only,0.1,NotLoad,Loaded,True,13.234949,9.445436,2.400091,0.5160889999999999,4.842077000000003,1,1,2,1,0.48515700000000006,
nvme-v38-immutable-with-vector-2,0,screening-or-control,with-vector,0.1,NotLoad,Loaded,True,13.334559,9.354866000000003,2.457215999999998,0.5032699999999997,4.799340999999998,1,1,2,1,0.4987950000000003,
nvme-v39-startup,0,startup,id-only,0.0,NotLoad,Loaded,True,23.858861,,,,,,,,,,
nvme-v39-host-id-only-0,0,screening-or-control,id-only,0.1,NotLoad,Loaded,True,13.142394,9.352427,2.384916000000001,0.5130530000000001,4.574662999999999,1,1,2,1,0.4942510000000002,
nvme-v39-host-with-vector-0,0,screening-or-control,with-vector,0.1,NotLoad,Loaded,True,13.661896,9.468932000000002,2.7020250000000003,0.48997699999999994,4.747425000000002,1,1,2,1,0.5691199999999998,
nvme-v39-host-id-only-1,0,screening-or-control,id-only,0.1,NotLoad,Loaded,True,13.439104,9.626301000000003,2.4293679999999993,0.6452979999999999,4.7372830000000015,1,1,2,1,0.45809799999999967,
nvme-v39-host-with-vector-1,0,screening-or-control,with-vector,0.1,NotLoad,Loaded,True,13.108601,9.100703000000001,2.548214000000002,0.4899629999999999,4.617798,1,1,2,1,0.4985349999999995,
nvme-v39-host-id-only-2,0,screening-or-control,id-only,0.1,NotLoad,Loaded,True,12.798568,9.126657999999995,2.325494000000001,0.44618800000000014,4.524888999999997,1,1,2,1,0.5236300000000007,
nvme-v39-host-with-vector-2,0,screening-or-control,with-vector,0.1,NotLoad,Loaded,True,13.780996,9.784659000000001,2.491928000000001,0.510889,4.984258999999998,1,1,2,1,0.5190599999999996,
nvme-v40-affinity-id-only-0,0,screening-or-control,id-only,0.1,NotLoad,Loaded,True,13.195617,9.297320999999997,2.45886,0.5023189999999997,4.772839000000001,1,1,2,1,0.515485,
nvme-v40-affinity-with-vector-0,0,screening-or-control,with-vector,0.1,NotLoad,Loaded,True,13.220083,9.256996000000003,2.4208019999999997,0.4915459999999998,4.631351999999998,1,1,2,1,0.5130470000000003,
nvme-v40-affinity-id-only-1,0,screening-or-control,id-only,0.1,NotLoad,Loaded,True,12.212169,8.472668000000002,2.365438000000001,0.4711250000000002,4.516840000000001,1,1,2,1,0.47792100000000026,
nvme-v40-affinity-with-vector-1,0,screening-or-control,with-vector,0.1,NotLoad,Loaded,True,12.702336,8.757402999999996,2.465516000000001,0.6236990000000001,4.131802999999996,1,1,2,1,0.4303210000000002,
nvme-v40-affinity-id-only-2,0,screening-or-control,id-only,0.1,NotLoad,Loaded,True,13.113504,9.182841999999997,2.4190900000000024,0.5499240000000003,4.658187000000001,1,1,2,1,0.4638170000000006,
nvme-v40-affinity-with-vector-2,0,screening-or-control,with-vector,0.1,NotLoad,Loaded,True,13.0475,9.084418999999997,2.446509999999999,0.5050150000000001,4.555945999999998,1,1,2,1,0.46402500000000035,
nvme-v41-startup,0,startup,id-only,0.0,NotLoad,Loaded,True,25.291891,,,,,,,,,,
nvme-v41-confirm-id-only-0,0,release-formal,id-only,62.0,NotLoad,Loaded,True,13.119045,9.254636,2.4537169999999993,0.5377850000000001,4.752279,1,1,2,1,0.45701200000000064,
nvme-v41-confirm-with-vector-0,0,release-formal,with-vector,62.0,NotLoad,Loaded,True,15.13027,10.833739000000001,2.7446910000000004,0.616408,5.893038,1,1,2,1,2.424684,
nvme-v41-confirm-id-only-1,0,release-formal,id-only,62.0,NotLoad,Loaded,True,13.432719,9.546237,2.4623600000000003,0.6065990000000002,4.9211969999999985,1,1,2,1,0.23697299999999988,
nvme-v41-confirm-with-vector-1,0,release-formal,with-vector,62.0,NotLoad,Loaded,True,13.122198,9.154202,2.484554,0.5557610000000001,4.621978999999998,1,1,2,1,0.49885800000000025,
nvme-v41-confirm-id-only-2,0,release-formal,id-only,62.0,NotLoad,Loaded,True,13.271271,9.396413999999998,2.461429000000001,0.5485,5.082188000000001,1,1,2,1,0.5462230000000003,
nvme-v41-confirm-with-vector-2,0,release-formal,with-vector,62.0,NotLoad,Loaded,True,13.455016,9.296886000000004,2.637056999999998,0.5387460000000001,4.764067000000003,1,1,2,1,1.3206670000000003,
nvme-v41-sdk-profile,0,screening-or-control,with-vector,62.0,NotLoad,Loaded,True,13.187193,,,,,,,,,,
nvme-v42-startup,0,startup,id-only,0.1,NotLoad,Loaded,True,25.520358,,,,,,,,,,
nvme-v42-aws-buffer-id-only-0,0,screening-or-control,id-only,0.1,NotLoad,Loaded,True,12.664497,8.877691,2.3980349999999997,0.4901280000000002,4.523994999999999,1,1,2,1,0.4812070000000004,
nvme-v42-aws-buffer-with-vector-0,0,screening-or-control,with-vector,0.1,NotLoad,Loaded,True,13.14727,8.989031999999998,2.626982999999999,0.5004710000000001,4.399339999999998,1,1,2,1,0.4585689999999998,
nvme-v42-aws-buffer-id-only-1,0,screening-or-control,id-only,0.1,NotLoad,Loaded,True,12.65051,8.803090999999998,2.4670049999999994,0.6871659999999999,4.3013569999999985,1,1,2,1,0.44962699999999955,
nvme-v42-aws-buffer-with-vector-1,0,screening-or-control,with-vector,0.1,NotLoad,Loaded,True,12.955417,8.968459999999997,2.4834790000000004,0.5750799999999999,4.344718000000001,1,1,2,1,0.47720499999999966,
nvme-v42-aws-buffer-id-only-2,0,screening-or-control,id-only,0.1,NotLoad,Loaded,True,13.139894,9.424898,2.336363000000001,0.537128,4.679799000000002,1,1,2,1,0.4853290000000001,
nvme-v42-aws-buffer-with-vector-2,0,screening-or-control,with-vector,0.1,NotLoad,Loaded,True,13.298466,9.166647,2.6056180000000007,0.5411750000000001,4.576153999999999,1,1,2,1,0.46610899999999944,
nvme-v43-aws-cache-startup,0,startup,id-only,0.1,NotLoad,Loaded,True,17.565448,,,,,,,,,,
nvme-v43-aws-cache-id-only-0,0,screening-or-control,id-only,0.1,NotLoad,Loaded,True,12.61819,8.821012000000001,2.3688529999999997,0.510025,4.502083000000001,1,1,2,1,0.42982600000000026,
nvme-v43-aws-cache-with-vector-0,0,screening-or-control,with-vector,0.1,NotLoad,Loaded,True,14.314136,10.195158,2.6278759999999997,0.5131999999999999,5.548090999999999,1,1,2,1,1.2157200000000001,
nvme-v43-aws-cache-id-only-1,0,screening-or-control,id-only,0.1,NotLoad,Loaded,True,12.787428,8.970924000000002,2.395491999999999,0.6779849999999998,4.3371569999999995,1,1,2,1,0.503711,
nvme-v43-aws-cache-with-vector-1,0,screening-or-control,with-vector,0.1,NotLoad,Loaded,True,12.741328,8.88676,2.342111000000001,0.49402699999999977,4.404813000000001,1,1,2,1,0.4264330000000003,
nvme-v43-aws-cache-id-only-2,0,screening-or-control,id-only,0.1,NotLoad,Loaded,True,13.551416,9.936422,2.2581370000000005,0.4815959999999999,5.387809000000001,1,1,2,2,0,
nvme-v43-aws-cache-with-vector-2,0,screening-or-control,with-vector,0.1,NotLoad,Loaded,True,13.370336,9.390157999999996,2.4836090000000013,0.510997,4.803975000000002,1,1,2,1,0.1329129999999994,
nvme-v43-cpu-profile,0,screening-or-control,id-only,,NotLoad,Loaded,True,13.382118,,,,,,,,,,
nvme-v43-cpu-profile,1,screening-or-control,with-vector,,NotLoad,Loaded,True,13.875815,,,,,,,,,,
nvme-v43-cpu-profile,2,screening-or-control,id-only,,NotLoad,Loaded,True,12.883074,,,,,,,,,,
nvme-v43-cpu-profile,3,screening-or-control,with-vector,,NotLoad,Loaded,True,12.694723,,,,,,,,,,
nvme-v43-cpu-profile,4,screening-or-control,id-only,,NotLoad,Loaded,True,13.240956,,,,,,,,,,
nvme-v43-cpu-profile,5,screening-or-control,with-vector,,NotLoad,Loaded,True,12.041823,,,,,,,,,,
nvme-v43-cpu-profile,6,screening-or-control,id-only,,NotLoad,Loaded,True,12.61267,,,,,,,,,,
nvme-v43-cpu-profile,7,screening-or-control,with-vector,,NotLoad,Loaded,True,12.555321,,,,,,,,,,
nvme-v43-cpu-profile,8,screening-or-control,id-only,,NotLoad,Loaded,True,12.375725,,,,,,,,,,
nvme-v43-cpu-profile,9,screening-or-control,with-vector,,NotLoad,Loaded,True,13.298033,,,,,,,,,,
nvme-v43-cpu-profile,10,screening-or-control,id-only,,NotLoad,Loaded,True,12.49072,,,,,,,,,,
nvme-v43-cpu-profile,11,screening-or-control,with-vector,,NotLoad,Loaded,True,12.343731,,,,,,,,,,
nvme-v43-cpu-profile,12,screening-or-control,id-only,,NotLoad,Loaded,True,11.643392,,,,,,,,,,
nvme-v43-cpu-profile,13,screening-or-control,with-vector,,NotLoad,Loaded,True,13.003351,,,,,,,,,,
nvme-v43-cpu-profile,14,screening-or-control,id-only,,NotLoad,Loaded,True,11.996904,,,,,,,,,,
nvme-v43-cpu-profile,15,screening-or-control,with-vector,,NotLoad,Loaded,True,12.628003,,,,,,,,,,
nvme-v43-cpu-profile,16,screening-or-control,id-only,,NotLoad,Loaded,True,12.150505,,,,,,,,,,
nvme-v43-cpu-profile,17,screening-or-control,with-vector,,NotLoad,Loaded,True,21.348613,,,,,,,,,,
nvme-v43-cpu-profile,18,screening-or-control,id-only,,NotLoad,Loaded,True,12.134401,,,,,,,,,,
nvme-v43-cpu-profile,19,screening-or-control,with-vector,,NotLoad,Loaded,True,14.711571,,,,,,,,,,
nvme-v43-cpu-profile,20,screening-or-control,id-only,,NotLoad,Loaded,True,11.98064,,,,,,,,,,
nvme-v43-cpu-profile,21,screening-or-control,with-vector,,NotLoad,Loaded,True,12.54661,,,,,,,,,,
nvme-v43-cpu-profile,22,screening-or-control,id-only,,NotLoad,Loaded,True,11.79491,,,,,,,,,,
nvme-v43-cpu-profile,23,screening-or-control,with-vector,,NotLoad,Loaded,True,12.233947,,,,,,,,,,
nvme-v43-cpu-profile,24,screening-or-control,id-only,,NotLoad,Loaded,True,12.119232,,,,,,,,,,
nvme-v43-cpu-profile,25,screening-or-control,with-vector,,NotLoad,Loaded,True,12.644086,,,,,,,,,,
nvme-v43-cpu-profile,26,screening-or-control,id-only,,NotLoad,Loaded,True,12.379795,,,,,,,,,,
nvme-v43-cpu-profile,27,screening-or-control,with-vector,,NotLoad,Loaded,True,12.121306,,,,,,,,,,
nvme-v43-cpu-profile,28,screening-or-control,id-only,,NotLoad,Loaded,True,11.935236,,,,,,,,,,
nvme-v43-cpu-profile,29,screening-or-control,with-vector,,NotLoad,Loaded,True,12.641608,,,,,,,,,,
nvme-v43-cpu-profile,30,screening-or-control,id-only,,NotLoad,Loaded,True,12.498708,,,,,,,,,,
nvme-v43-cpu-profile,31,screening-or-control,with-vector,,NotLoad,Loaded,True,12.114616,,,,,,,,,,
nvme-v43-cpu-profile,32,screening-or-control,id-only,,NotLoad,Loaded,True,12.084842,,,,,,,,,,
nvme-v43-cpu-profile,33,screening-or-control,with-vector,,NotLoad,Loaded,True,13.747307,,,,,,,,,,
nvme-v43-cpu-profile,34,screening-or-control,id-only,,NotLoad,Loaded,True,11.94268,,,,,,,,,,
nvme-v43-cpu-profile,35,screening-or-control,with-vector,,NotLoad,Loaded,True,12.192558,,,,,,,,,,
nvme-v43-cpu-profile,36,screening-or-control,id-only,,NotLoad,Loaded,True,12.194083,,,,,,,,,,
nvme-v43-cpu-profile,37,screening-or-control,with-vector,,NotLoad,Loaded,True,11.95325,,,,,,,,,,
nvme-v43-cpu-profile,38,screening-or-control,id-only,,NotLoad,Loaded,True,12.089403,,,,,,,,,,
nvme-v43-cpu-profile,39,screening-or-control,with-vector,,NotLoad,Loaded,True,12.680143,,,,,,,,,,
nvme-v43-cpu-profile,40,screening-or-control,id-only,,NotLoad,Loaded,True,12.316486,,,,,,,,,,
nvme-v43-cpu-profile,41,screening-or-control,with-vector,,NotLoad,Loaded,True,13.067231,,,,,,,,,,
nvme-v43-cpu-profile,42,screening-or-control,id-only,,NotLoad,Loaded,True,12.051081,,,,,,,,,,
nvme-v43-cpu-profile,43,screening-or-control,with-vector,,NotLoad,Loaded,True,12.696725,,,,,,,,,,
nvme-v43-cpu-profile,44,screening-or-control,id-only,,NotLoad,Loaded,True,12.119574,,,,,,,,,,
nvme-v43-cpu-profile,45,screening-or-control,with-vector,,NotLoad,Loaded,True,12.495759,,,,,,,,,,
nvme-v43-cpu-profile,46,screening-or-control,id-only,,NotLoad,Loaded,True,11.98204,,,,,,,,,,
nvme-v43-cpu-profile,47,screening-or-control,with-vector,,NotLoad,Loaded,True,11.98395,,,,,,,,,,
nvme-v43-cpu-profile,48,screening-or-control,id-only,,NotLoad,Loaded,True,16.106055,,,,,,,,,,
nvme-v43-cpu-profile,49,screening-or-control,with-vector,,NotLoad,Loaded,True,13.143436,,,,,,,,,,
nvme-v43-cpu-profile,50,screening-or-control,id-only,,NotLoad,Loaded,True,13.616701,,,,,,,,,,
nvme-v43-cpu-profile,51,screening-or-control,with-vector,,NotLoad,Loaded,True,13.483843,,,,,,,,,,
nvme-v43-cpu-profile,52,screening-or-control,id-only,,NotLoad,Loaded,True,13.763994,,,,,,,,,,
nvme-v43-cpu-profile,53,screening-or-control,with-vector,,NotLoad,Loaded,True,12.427971,,,,,,,,,,
nvme-v43-cpu-profile,54,screening-or-control,id-only,,NotLoad,Loaded,True,12.828484,,,,,,,,,,
nvme-v43-cpu-profile,55,screening-or-control,with-vector,,NotLoad,Loaded,True,12.802196,,,,,,,,,,
nvme-v43-cpu-profile,56,screening-or-control,id-only,,NotLoad,Loaded,True,12.717496,,,,,,,,,,
nvme-v43-cpu-profile,57,screening-or-control,with-vector,,NotLoad,Loaded,True,15.415818,,,,,,,,,,
nvme-v43-cpu-profile,58,screening-or-control,id-only,,NotLoad,Loaded,True,14.731319,,,,,,,,,,
nvme-v43-cpu-profile,59,screening-or-control,with-vector,,NotLoad,Loaded,True,14.813513,,,,,,,,,,
nvme-v43-cpu-profile,60,screening-or-control,id-only,,NotLoad,Loaded,True,13.278764,,,,,,,,,,
nvme-v43-cpu-profile,61,screening-or-control,with-vector,,NotLoad,Loaded,True,16.56219,,,,,,,,,,
nvme-v43-cpu-profile,62,screening-or-control,id-only,,NotLoad,Loaded,True,12.97395,,,,,,,,,,
nvme-v43-cpu-profile,63,screening-or-control,with-vector,,NotLoad,Loaded,True,12.711196,,,,,,,,,,
nvme-v43-cpu-profile,64,screening-or-control,id-only,,NotLoad,Loaded,True,12.504894,,,,,,,,,,
nvme-v43-cpu-profile,65,screening-or-control,with-vector,,NotLoad,Loaded,True,12.734363,,,,,,,,,,
nvme-v43-cpu-profile,66,screening-or-control,id-only,,NotLoad,Loaded,True,12.163042,,,,,,,,,,
nvme-v43-cpu-profile,67,screening-or-control,with-vector,,NotLoad,Loaded,True,13.288189,,,,,,,,,,
nvme-v43-cpu-profile,68,screening-or-control,id-only,,NotLoad,Loaded,True,13.833629,,,,,,,,,,
nvme-v43-cpu-profile,69,screening-or-control,with-vector,,NotLoad,Loaded,True,13.271538,,,,,,,,,,
nvme-v43-cpu-profile,70,screening-or-control,id-only,,NotLoad,Loaded,True,13.53977,,,,,,,,,,
nvme-v43-cpu-profile,71,screening-or-control,with-vector,,NotLoad,Loaded,True,12.610921,,,,,,,,,,
nvme-v43-cpu-profile,72,screening-or-control,id-only,,NotLoad,Loaded,True,12.214511,,,,,,,,,,
nvme-v43-cpu-profile,73,screening-or-control,with-vector,,NotLoad,Loaded,True,14.073212,,,,,,,,,,
nvme-v43-cpu-profile,74,screening-or-control,id-only,,NotLoad,Loaded,True,13.062934,,,,,,,,,,
nvme-v43-cpu-profile,75,screening-or-control,with-vector,,NotLoad,Loaded,True,12.512782,,,,,,,,,,
nvme-v43-cpu-profile,76,screening-or-control,id-only,,NotLoad,Loaded,True,13.203991,,,,,,,,,,
nvme-v43-cpu-profile,77,screening-or-control,with-vector,,NotLoad,Loaded,True,13.310501,,,,,,,,,,
nvme-v43-cpu-profile,78,screening-or-control,id-only,,NotLoad,Loaded,True,13.721391,,,,,,,,,,
nvme-v43-cpu-profile,79,screening-or-control,with-vector,,NotLoad,Loaded,True,13.910161,,,,,,,,,,
nvme-v43-cpu-profile,80,screening-or-control,id-only,,NotLoad,Loaded,True,13.147071,,,,,,,,,,
nvme-v43-cpu-profile,81,screening-or-control,with-vector,,NotLoad,Loaded,True,13.089261,,,,,,,,,,
nvme-v43-cpu-profile,82,screening-or-control,id-only,,NotLoad,Loaded,True,13.305062,,,,,,,,,,
nvme-v43-cpu-profile,83,screening-or-control,with-vector,,NotLoad,Loaded,True,13.4311,,,,,,,,,,
nvme-v43-cpu-profile,84,screening-or-control,id-only,,NotLoad,Loaded,True,13.855926,,,,,,,,,,
nvme-v43-cpu-profile,85,screening-or-control,with-vector,,NotLoad,Loaded,True,13.099063,,,,,,,,,,
nvme-v43-cpu-profile,86,screening-or-control,id-only,,NotLoad,Loaded,True,13.368945,,,,,,,,,,
nvme-v43-cpu-profile,87,screening-or-control,with-vector,,NotLoad,Loaded,True,13.11721,,,,,,,,,,
nvme-v43-cpu-profile,88,screening-or-control,id-only,,NotLoad,Loaded,True,12.977039,,,,,,,,,,
nvme-v43-cpu-profile,89,screening-or-control,with-vector,,NotLoad,Loaded,True,13.592304,,,,,,,,,,
nvme-v43-cpu-profile,90,screening-or-control,id-only,,NotLoad,Loaded,True,12.813282,,,,,,,,,,
nvme-v43-cpu-profile,91,screening-or-control,with-vector,,NotLoad,Loaded,True,13.703757,,,,,,,,,,
nvme-v43-cpu-profile,92,screening-or-control,id-only,,NotLoad,Loaded,True,16.125594,,,,,,,,,,
nvme-v43-cpu-profile,93,screening-or-control,with-vector,,NotLoad,Loaded,True,13.383005,,,,,,,,,,
nvme-v43-cpu-profile,94,screening-or-control,id-only,,NotLoad,Loaded,True,12.794199,,,,,,,,,,
nvme-v43-cpu-profile,95,screening-or-control,with-vector,,NotLoad,Loaded,True,13.05211,,,,,,,,,,
nvme-v43-cpu-profile,96,screening-or-control,id-only,,NotLoad,Loaded,True,14.56665,,,,,,,,,,
nvme-v43-cpu-profile,97,screening-or-control,with-vector,,NotLoad,Loaded,True,13.05411,,,,,,,,,,
nvme-v43-cpu-profile,98,screening-or-control,id-only,,NotLoad,Loaded,True,13.225406,,,,,,,,,,
nvme-v43-cpu-profile,99,screening-or-control,with-vector,,NotLoad,Loaded,True,13.275242,,,,,,,,,,
nvme-v43-cpu-profile,100,screening-or-control,id-only,,NotLoad,Loaded,True,14.13014,,,,,,,,,,
nvme-v43-cpu-profile,101,screening-or-control,with-vector,,NotLoad,Loaded,True,13.130925,,,,,,,,,,
nvme-v43-cpu-profile,102,screening-or-control,id-only,,NotLoad,Loaded,True,12.949497,,,,,,,,,,
nvme-v43-cpu-profile,103,screening-or-control,with-vector,,NotLoad,Loaded,True,13.336232,,,,,,,,,,
nvme-v43-cpu-profile,104,screening-or-control,id-only,,NotLoad,Loaded,True,13.811509,,,,,,,,,,
nvme-v43-cpu-profile,105,screening-or-control,with-vector,,NotLoad,Loaded,True,13.356931,,,,,,,,,,
nvme-v43-cpu-profile,106,screening-or-control,id-only,,NotLoad,Loaded,True,13.628985,,,,,,,,,,
nvme-v43-cpu-profile,107,screening-or-control,with-vector,,NotLoad,Loaded,True,13.442807,,,,,,,,,,
nvme-v43-cpu-profile,108,screening-or-control,id-only,,NotLoad,Loaded,True,12.785757,,,,,,,,,,
nvme-v43-cpu-profile,109,screening-or-control,with-vector,,NotLoad,Loaded,True,12.646958,,,,,,,,,,
nvme-v43-cpu-profile,110,screening-or-control,id-only,,NotLoad,Loaded,True,13.569002,,,,,,,,,,
nvme-v43-cpu-profile,111,screening-or-control,with-vector,,NotLoad,Loaded,True,13.599312,,,,,,,,,,
nvme-v43-cpu-profile,112,screening-or-control,id-only,,NotLoad,Loaded,True,13.073718,,,,,,,,,,
nvme-v43-cpu-profile,113,screening-or-control,with-vector,,NotLoad,Loaded,True,13.395331,,,,,,,,,,
nvme-v43-cpu-profile,114,screening-or-control,id-only,,NotLoad,Loaded,True,13.51084,,,,,,,,,,
nvme-v43-cpu-profile,115,screening-or-control,with-vector,,NotLoad,Loaded,True,13.562087,,,,,,,,,,
nvme-v43-cpu-profile,116,screening-or-control,id-only,,NotLoad,Loaded,True,12.618251,,,,,,,,,,
nvme-v43-cpu-profile,117,screening-or-control,with-vector,,NotLoad,Loaded,True,13.883249,,,,,,,,,,
nvme-v43-cpu-profile,118,screening-or-control,id-only,,NotLoad,Loaded,True,13.431487,,,,,,,,,,
nvme-v43-cpu-profile,119,screening-or-control,with-vector,,NotLoad,Loaded,True,12.932577,,,,,,,,,,
nvme-v44-async-open-startup,0,startup,id-only,0.1,NotLoad,Loaded,True,22.963207,,,,,,,,,,
nvme-v44-async-open-id-only-0,0,screening-or-control,id-only,0.1,NotLoad,Loaded,True,11.64734,7.613534,2.589211000000001,0.5148299999999999,3.1922389999999994,1,1,2,1,0.49202499999999993,
nvme-v44-async-open-with-vector-0,0,screening-or-control,with-vector,0.1,NotLoad,Loaded,True,11.636414,7.488072000000002,2.6977549999999995,0.502518,3.0035520000000013,1,1,2,1,0.4102099999999993,
nvme-v44-async-open-id-only-1,0,screening-or-control,id-only,0.1,NotLoad,Loaded,True,11.684412,7.738380000000003,2.4500770000000003,0.5937310000000001,3.0427469999999985,1,1,2,1,0.4445969999999999,
nvme-v44-async-open-with-vector-1,0,screening-or-control,with-vector,0.1,NotLoad,Loaded,True,11.669666,7.630092999999998,2.4727950000000014,0.542224,3.140150000000001,1,1,2,1,0.4898819999999997,
nvme-v44-async-open-id-only-2,0,screening-or-control,id-only,0.1,NotLoad,Loaded,True,11.198065,7.231319999999999,2.4852689999999984,0.5114870000000001,3.082880999999999,1,1,2,1,0.47493799999999986,
nvme-v44-async-open-with-vector-2,0,screening-or-control,with-vector,0.1,NotLoad,Loaded,True,11.513247,7.488627999999997,2.4801399999999987,0.5000070000000002,2.965021000000002,1,1,2,1,0.43220499999999973,
nvme-v45-confirm-startup,0,startup,id-only,62.0,NotLoad,Loaded,True,22.350206,,,,,,,,,,
nvme-v45-confirm-id-only-0,0,release-formal,id-only,62.0,NotLoad,Loaded,True,11.904296,7.959841999999998,2.492722000000001,0.6105970000000001,3.236260999999999,1,1,2,1,0.4855350000000005,
nvme-v45-confirm-with-vector-0,0,release-formal,with-vector,62.0,NotLoad,Loaded,True,14.283611,10.140219999999998,2.677025999999999,0.5611730000000001,5.563199000000001,1,1,2,1,2.172274,
nvme-v45-confirm-id-only-1,0,release-formal,id-only,62.0,NotLoad,Loaded,True,13.786024,9.897977000000003,2.416003999999999,0.6362059999999998,5.462326999999999,1,1,2,1,2.2311010000000016,
nvme-v45-confirm-with-vector-1,0,release-formal,with-vector,62.0,NotLoad,Loaded,True,12.402032,8.232576999999997,2.712537000000001,0.5512609999999999,3.4524239999999993,1,1,2,2,0,
nvme-v45-confirm-id-only-2,0,release-formal,id-only,62.0,NotLoad,Loaded,True,11.728766,7.646733000000003,2.6542859999999986,0.49577,3.305375999999999,1,1,2,1,0.45558999999999994,
nvme-v45-confirm-with-vector-2,0,release-formal,with-vector,62.0,NotLoad,Loaded,True,13.976436,9.936105999999993,2.556722000000001,0.5035670000000003,5.461407000000001,1,1,2,1,2.263051,
nvme-v46-minio-gomax2-startup,0,startup,id-only,0.1,NotLoad,Loaded,True,22.076229,,,,,,,,,,
nvme-v46-minio-gomax2-id-only-0,0,screening-or-control,id-only,0.1,NotLoad,Loaded,True,11.74929,7.5499220000000005,2.6889520000000005,0.552429,2.9673979999999998,1,1,2,1,0.3998710000000001,
nvme-v46-minio-gomax2-with-vector-0,0,screening-or-control,with-vector,0.1,NotLoad,Loaded,True,11.76492,7.427652999999999,2.8968420000000004,0.542468,2.990329,1,1,2,1,0.4329040000000006,
nvme-v46-minio-gomax2-id-only-1,0,screening-or-control,id-only,0.1,NotLoad,Loaded,True,15.480366,11.52808,2.491323,0.629124,3.047869999999999,1,1,2,1,0.500928,
nvme-v46-minio-gomax2-with-vector-1,0,screening-or-control,with-vector,0.1,NotLoad,Loaded,True,11.223093,7.2896319999999974,2.4646909999999997,0.50058,2.9716509999999987,1,1,2,1,0.47142200000000045,
nvme-v46-minio-gomax2-id-only-2,0,screening-or-control,id-only,0.1,NotLoad,Loaded,True,12.031344,8.085157000000002,2.441651999999999,0.5865269999999999,3.228476000000001,1,1,2,1,0.43875199999999914,
nvme-v46-minio-gomax2-with-vector-2,0,screening-or-control,with-vector,0.1,NotLoad,Loaded,True,11.86735,7.569539,2.6015669999999993,0.6043959999999997,2.9266940000000004,1,1,2,1,0.37517899999999926,
nvme-v47-etcd-host-startup,0,startup,id-only,0.1,NotLoad,Loaded,True,18.994178,,,,,,,,,,
nvme-v47-etcd-host-id-only-0,0,screening-or-control,id-only,0.1,NotLoad,Loaded,True,11.304274,7.366287000000001,2.4927319999999993,0.5093759999999999,2.961543,1,1,2,1,0.37900199999999984,
nvme-v47-etcd-host-with-vector-0,0,screening-or-control,with-vector,0.1,NotLoad,Loaded,True,11.80538,7.492761000000001,2.773471,0.543663,3.0750480000000002,1,1,2,1,0.4793629999999993,
nvme-v47-etcd-host-id-only-1,0,screening-or-control,id-only,0.1,NotLoad,Loaded,True,11.719063,7.863533000000002,2.4563569999999992,0.671727,3.4896939999999996,1,1,2,1,0.47767300000000024,
nvme-v47-etcd-host-with-vector-1,0,screening-or-control,with-vector,0.1,NotLoad,Loaded,True,11.284916,7.1333709999999995,2.625361999999999,0.53615,3.0348419999999994,1,1,2,1,0.45730700000000013,
nvme-v47-etcd-host-id-only-2,0,screening-or-control,id-only,0.1,NotLoad,Loaded,True,10.914201,7.0836650000000025,2.4673430000000005,0.504399,2.9934739999999995,1,1,2,1,0.509093,
nvme-v47-etcd-host-with-vector-2,0,screening-or-control,with-vector,0.1,NotLoad,Loaded,True,11.526502,7.221368999999998,2.8162330000000013,0.4547819999999999,3.066188000000001,1,1,2,1,0.5294239999999997,
nvme-v48-loop-direct-startup,0,startup,id-only,0.1,NotLoad,Loaded,True,23.668838,,,,,,,,,,
nvme-v48-loop-direct-id-only-0,0,screening-or-control,id-only,0.1,NotLoad,Loaded,True,11.052207,7.182435000000001,2.497814,0.566326,2.976978,1,1,2,1,0.3722450000000004,
nvme-v48-loop-direct-with-vector-0,0,screening-or-control,with-vector,0.1,NotLoad,Loaded,True,11.706508,7.52305,2.6682830000000006,0.5172329999999999,3.1486510000000005,1,1,2,1,0.4980179999999992,
nvme-v48-loop-direct-id-only-1,0,screening-or-control,id-only,0.1,NotLoad,Loaded,True,11.120333,7.2884160000000024,2.429127,0.6425879999999999,2.984963,1,1,2,1,0.43187200000000026,
nvme-v48-loop-direct-with-vector-1,0,screening-or-control,with-vector,0.1,NotLoad,Loaded,True,11.583949,7.443794999999996,2.622122999999999,0.49974600000000013,2.959922,1,1,2,1,0.4171079999999998,
nvme-v48-loop-direct-id-only-2,0,screening-or-control,id-only,0.1,NotLoad,Loaded,True,10.939229,7.196902999999997,2.2912029999999985,0.51343,2.9674989999999983,1,1,2,1,0.44969899999999985,
nvme-v48-loop-direct-with-vector-2,0,screening-or-control,with-vector,0.1,NotLoad,Loaded,True,11.565999,7.638424999999997,2.4469010000000013,0.5440329999999998,2.9824560000000013,1,1,2,1,0.4715069999999999,
nvme-v49-confirm-startup,0,startup,id-only,62.0,NotLoad,Loaded,True,22.113793,,,,,,,,,,
nvme-v49-confirm-id-only-0,0,release-formal,id-only,62.0,NotLoad,Loaded,True,11.389779,7.575208,2.3967720000000003,0.5658310000000001,3.242074000000001,1,1,2,1,0.5008650000000001,
nvme-v49-confirm-with-vector-0,0,release-formal,with-vector,62.0,NotLoad,Loaded,True,12.017173,7.771766999999999,2.77643,0.5984250000000001,3.280527000000002,1,1,2,1,0.5140840000000004,
nvme-v49-confirm-id-only-1,0,release-formal,id-only,62.0,NotLoad,Loaded,True,11.675298,7.851188999999998,2.4103449999999995,0.6651639999999998,3.347601999999998,1,1,2,1,0.5222369999999996,
nvme-v49-confirm-with-vector-1,0,release-formal,with-vector,62.0,NotLoad,Loaded,True,12.011977,7.783998,2.7019729999999997,0.5392370000000002,3.2846690000000005,1,1,2,1,0.5085730000000002,
nvme-v49-confirm-id-only-2,0,release-formal,id-only,62.0,NotLoad,Loaded,True,12.963169,9.129648999999997,2.374534000000001,0.5484639999999998,3.312286000000001,1,1,2,1,0.41532699999999956,
nvme-v49-confirm-with-vector-2,0,release-formal,with-vector,62.0,NotLoad,Loaded,True,12.608165,8.038288000000005,2.910729000000001,0.5508220000000003,3.505455000000001,1,1,2,1,0.5401610000000003,
nvme-v50-local-grpc-startup,0,startup,id-only,0.1,NotLoad,Loaded,True,21.138143,,,,,,,,,,
nvme-v50-local-grpc-id-only-0,0,screening-or-control,id-only,0.1,NotLoad,Loaded,True,11.034583,6.945045,2.7225850000000005,0.46092399999999994,3.028328,1,1,2,1,0.4751339999999997,
nvme-v50-local-grpc-with-vector-0,0,screening-or-control,with-vector,0.1,NotLoad,Loaded,True,10.69957,6.918837000000001,2.314422,0.501533,3.1167639999999994,1,1,2,1,0.45979799999999926,
nvme-v50-local-grpc-id-only-1,0,screening-or-control,id-only,0.1,NotLoad,Loaded,True,11.546128,7.706758000000001,2.2175249999999997,0.5633330000000001,3.1601630000000007,1,1,2,1,0.4681249999999997,
nvme-v50-local-grpc-with-vector-1,0,screening-or-control,with-vector,0.1,NotLoad,Loaded,True,10.666886,6.618179000000001,2.430402,0.5120279999999999,2.9720570000000004,1,1,2,1,0.44160099999999947,
nvme-v50-local-grpc-id-only-2,0,screening-or-control,id-only,0.1,NotLoad,Loaded,True,11.077727,7.098872999999998,2.5155000000000003,0.5439720000000002,2.9655459999999993,1,1,2,1,0.4869659999999998,
nvme-v50-local-grpc-with-vector-2,0,screening-or-control,with-vector,0.1,NotLoad,Loaded,True,11.003017,6.959512000000001,2.4914520000000016,0.5193960000000001,3.096807,1,1,2,1,0.47149200000000047,
nvme-v51-local-go3-startup,0,startup,id-only,0.1,NotLoad,Loaded,True,22.107113,,,,,,,,,,
nvme-v51-local-go3-id-only-0,0,screening-or-control,id-only,0.1,NotLoad,Loaded,True,11.257151,7.240467000000002,2.5709790000000012,0.5095069999999998,3.1312930000000003,1,1,2,1,0.39405100000000015,
nvme-v51-local-go3-with-vector-0,0,screening-or-control,with-vector,0.1,NotLoad,Loaded,True,11.19589,7.289028999999999,2.4349190000000007,0.520214,3.0360430000000003,1,1,2,1,0.4917860000000003,
nvme-v51-local-go3-id-only-1,0,screening-or-control,id-only,0.1,NotLoad,Loaded,True,10.566845,7.198078,2.005673999999999,0.620923,3.067157000000001,1,1,2,1,0.55959,
nvme-v51-local-go3-with-vector-1,0,screening-or-control,with-vector,0.1,NotLoad,Loaded,True,11.763935,7.601696999999998,2.5641789999999998,0.4830899999999998,3.1898659999999994,1,1,2,1,0.49183099999999946,
nvme-v51-local-go3-id-only-2,0,screening-or-control,id-only,0.1,NotLoad,Loaded,True,10.770149,7.224909000000002,2.1609990000000003,0.5261480000000002,2.9415859999999996,1,1,2,1,0.44047400000000003,
nvme-v51-local-go3-with-vector-2,0,screening-or-control,with-vector,0.1,NotLoad,Loaded,True,10.689014,7.008506999999997,2.1620640000000018,0.49589199999999994,2.9248299999999996,1,1,2,1,0.43774600000000063,
nvme-v52-local-go2-startup,0,startup,id-only,0.1,NotLoad,Loaded,True,34.649035,,,,,,,,,,
nvme-v52-local-go2-id-only-0,0,screening-or-control,id-only,0.1,NotLoad,Loaded,True,27.661286,7.0767599999999975,19.128274000000005,0.5034219999999999,2.9445010000000003,1,1,2,1,0.4734739999999995,
nvme-v52-local-go2-with-vector-0,0,screening-or-control,with-vector,0.1,NotLoad,Loaded,True,11.89937,7.835315000000002,2.661575999999999,0.6127049999999998,3.6160989999999993,1,1,2,1,0.9957190000000002,
nvme-v52-local-go2-id-only-1,0,screening-or-control,id-only,0.1,NotLoad,Loaded,True,27.454422,7.144084000000002,18.918108000000004,0.672906,2.9641610000000016,1,1,2,1,0.4516529999999994,
nvme-v52-local-go2-with-vector-1,0,screening-or-control,with-vector,0.1,NotLoad,Loaded,True,19.371759,7.178200000000003,10.661785000000007,0.48278800000000005,3.002435000000001,1,1,2,1,0.5145159999999995,
nvme-v52-local-go2-id-only-2,0,screening-or-control,id-only,0.1,NotLoad,Loaded,True,10.499949,6.900592999999996,2.2505770000000034,0.5061829999999999,2.8779370000000006,1,1,2,1,0.44045300000000065,
nvme-v52-local-go2-with-vector-2,0,screening-or-control,with-vector,0.1,NotLoad,Loaded,True,25.236363,7.151933,16.637822999999997,0.4990699999999999,3.0166759999999995,1,1,2,1,0.44358200000000014,
nvme-v53-unsampled-startup,0,startup,id-only,0.1,NotLoad,Loaded,True,22.094658,,,,,,,,,,
nvme-v53-unsampled-id-only-0,0,screening-or-control,id-only,0.1,NotLoad,Loaded,True,10.753438,7.180724999999999,2.17655,0.537758,3.023736000000001,1,1,2,1,0.4615669999999996,
nvme-v53-unsampled-with-vector-0,0,screening-or-control,with-vector,0.1,NotLoad,Loaded,True,10.951219,6.956896,2.435310999999999,0.5569909999999999,3.015076000000002,1,1,2,1,0.4317689999999992,
nvme-v53-unsampled-id-only-1,0,screening-or-control,id-only,0.1,NotLoad,Loaded,True,11.181482,7.402981000000003,2.267877,0.6895179999999999,3.0701090000000013,1,1,2,1,0.43715499999999974,
nvme-v53-unsampled-with-vector-1,0,screening-or-control,with-vector,0.1,NotLoad,Loaded,True,10.417508,6.670417999999997,2.2125289999999995,0.5071640000000001,2.912548000000001,1,1,2,1,0.44808100000000106,
nvme-v53-unsampled-id-only-2,0,screening-or-control,id-only,0.1,NotLoad,Loaded,True,10.86402,7.194183,2.222360999999999,0.529173,3.009695999999999,1,1,2,1,0.46444100000000077,
nvme-v53-unsampled-with-vector-2,0,screening-or-control,with-vector,0.1,NotLoad,Loaded,True,10.510997,6.809399000000001,2.2293890000000016,0.5694529999999998,2.959742000000001,1,1,2,1,0.48361700000000063,
nvme-v54-native-wait-startup,0,startup,id-only,0.1,NotLoad,Loaded,True,21.517188,,,,,,,,,,
nvme-v54-native-wait-id-only-0,0,screening-or-control,id-only,0.1,NotLoad,Loaded,True,10.851443,7.181875999999998,2.226212,0.5061850000000001,3.066709000000001,1,1,2,1,0.407489,
nvme-v54-native-wait-with-vector-0,0,screening-or-control,with-vector,0.1,NotLoad,Loaded,True,10.924367,6.839628,2.5961449999999995,0.44292500000000007,2.9423950000000003,1,1,2,1,0.43111999999999995,
nvme-v54-native-wait-id-only-1,0,screening-or-control,id-only,0.1,NotLoad,Loaded,True,13.723267,7.719924000000003,4.5411009999999985,0.622051,3.455388,1,1,2,1,0.8120029999999998,
nvme-v54-native-wait-with-vector-1,0,screening-or-control,with-vector,0.1,NotLoad,Loaded,True,10.798859,7.016799999999996,2.2595280000000004,0.5404559999999999,3.0572250000000003,1,1,2,1,0.48593800000000087,
nvme-v54-native-wait-id-only-2,0,screening-or-control,id-only,0.1,NotLoad,Loaded,True,10.414404,6.868464999999997,2.124652000000001,0.510341,3.0006500000000007,1,1,2,1,0.49263100000000026,
nvme-v54-native-wait-with-vector-2,0,screening-or-control,with-vector,0.1,NotLoad,Loaded,True,10.690789,6.809346000000001,2.3429439999999997,0.4881130000000001,3.0140770000000003,1,1,2,1,0.5019329999999993,
nvme-v55-native-wait-go2-startup,0,startup,id-only,0.1,NotLoad,Loaded,True,20.876541,,,,,,,,,,
nvme-v55-native-wait-go2-id-only-0,0,screening-or-control,id-only,0.1,NotLoad,Loaded,True,10.616989,7.020132,2.1477829999999996,0.5000570000000001,2.947395,1,1,2,1,0.43904799999999966,
nvme-v55-native-wait-go2-with-vector-0,0,screening-or-control,with-vector,0.1,NotLoad,Loaded,True,10.871062,7.000300000000001,2.3842099999999995,0.5383169999999999,3.0285139999999995,1,1,2,1,0.3232550000000005,
nvme-v55-native-wait-go2-id-only-1,0,screening-or-control,id-only,0.1,NotLoad,Loaded,True,10.579552,7.043251000000001,2.077871,0.639581,2.9381500000000003,1,1,2,1,0.42990500000000065,
nvme-v55-native-wait-go2-with-vector-1,0,screening-or-control,with-vector,0.1,NotLoad,Loaded,True,10.319829,6.629901,2.2138910000000007,0.5054230000000001,2.953688999999999,1,1,2,1,0.44542899999999985,
nvme-v55-native-wait-go2-id-only-2,0,screening-or-control,id-only,0.1,NotLoad,Loaded,True,10.376176,6.913031999999999,2.025921,0.48925500000000005,2.845793999999999,1,1,2,1,0.4413349999999996,
nvme-v55-native-wait-go2-with-vector-2,0,screening-or-control,with-vector,0.1,NotLoad,Loaded,True,10.616901,6.971864000000001,2.1898470000000017,0.5363669999999998,2.9391380000000007,1,1,2,1,0.3904960000000006,
nvme-v56-native-wait-unsampled-startup,0,startup,id-only,0.1,NotLoad,Loaded,True,21.003423,,,,,,,,,,
nvme-v56-native-wait-unsampled-id-only-0,0,screening-or-control,id-only,0.1,NotLoad,Loaded,True,10.900624,7.080368,2.4233690000000006,0.6134809999999999,3.025795999999999,1,1,2,1,0.45814600000000016,
nvme-v56-native-wait-unsampled-with-vector-0,0,screening-or-control,with-vector,0.1,NotLoad,Loaded,True,10.809289,7.072561000000001,2.224969,0.5078119999999998,3.076914,1,1,2,1,0.4839950000000002,
nvme-v56-native-wait-unsampled-id-only-1,0,screening-or-control,id-only,0.1,NotLoad,Loaded,True,10.723442,7.120132000000002,2.175561999999999,0.632049,2.9036329999999992,1,1,2,1,0.414142,
nvme-v56-native-wait-unsampled-with-vector-1,0,screening-or-control,with-vector,0.1,NotLoad,Loaded,True,10.634052,6.906860000000001,2.2000330000000003,0.4988049999999997,2.9476730000000013,1,1,2,1,0.42706599999999995,
nvme-v56-native-wait-unsampled-id-only-2,0,screening-or-control,id-only,0.1,NotLoad,Loaded,True,10.383847,6.829471000000003,2.1334860000000004,0.49409400000000003,2.9914109999999994,1,1,2,1,0.48071100000000033,
nvme-v56-native-wait-unsampled-with-vector-2,0,screening-or-control,with-vector,0.1,NotLoad,Loaded,True,10.574642,6.857468999999998,2.2465290000000007,0.502369,3.0493260000000015,1,1,2,1,0.484178,
nvme-v57-confirm-startup,0,startup,id-only,62.0,NotLoad,Loaded,True,22.410772,,,,,,,,,,
nvme-v57-confirm-id-only-0,0,release-formal,id-only,62.0,NotLoad,Loaded,True,11.373455,7.672078000000001,2.208934,0.5322610000000001,3.2809569999999995,1,1,2,1,0.5486569999999995,
nvme-v57-confirm-with-vector-0,0,release-formal,with-vector,62.0,NotLoad,Loaded,True,11.124561,7.382763000000001,2.2902850000000003,0.562852,3.311167,1,1,2,1,0.5202429999999998,
nvme-v57-confirm-id-only-1,0,release-formal,id-only,62.0,NotLoad,Loaded,True,12.509459,8.321582000000001,2.5965959999999995,0.682743,3.517025,1,1,2,1,0.5158649999999998,
nvme-v57-confirm-with-vector-1,0,release-formal,with-vector,62.0,NotLoad,Loaded,True,10.72943,7.071123999999998,2.230585,0.5512770000000002,3.2176930000000006,1,1,2,1,0.5204469999999999,
nvme-v57-confirm-id-only-2,0,release-formal,id-only,62.0,NotLoad,Loaded,True,11.202686,7.717276000000002,2.047294,0.5758999999999999,3.327356,1,1,2,1,0.5552989999999998,
nvme-v57-confirm-with-vector-2,0,release-formal,with-vector,62.0,NotLoad,Loaded,True,11.045804,7.355528,2.1989900000000016,0.5449859999999999,3.3001240000000016,1,1,2,1,0.5211290000000002,
nvme-v58-parallel-json-startup,0,startup,id-only,0.1,NotLoad,Loaded,True,14.54838,,,,,,,,,,
nvme-v58-parallel-json-id-only-0,0,screening-or-control,id-only,0.1,NotLoad,Loaded,True,13.727578,9.939747000000002,2.275518000000001,0.5364680000000001,5.777534000000001,1,1,2,1,0.6689500000000006,
nvme-v58-parallel-json-with-vector-0,0,screening-or-control,with-vector,0.1,NotLoad,Loaded,True,11.461216,7.588423000000001,2.3444390000000004,0.510578,3.4029079999999996,1,1,2,1,0.43501099999999937,
nvme-v58-parallel-json-id-only-1,0,screening-or-control,id-only,0.1,NotLoad,Loaded,True,11.333688,6.8929089999999995,3.0103370000000003,0.6934099999999997,2.778544000000001,1,1,2,1,0.4409390000000002,
nvme-v58-parallel-json-with-vector-1,0,screening-or-control,with-vector,0.1,NotLoad,Loaded,True,12.066091,6.605723000000001,2.300843999999998,0.46142299999999986,2.8140130000000005,1,1,2,1,0.4442719999999998,
nvme-v58-parallel-json-id-only-2,0,screening-or-control,id-only,0.1,NotLoad,Loaded,True,10.21887,6.670603999999996,2.1859330000000012,0.4971100000000003,2.8696139999999994,1,1,2,1,0.46648700000000076,
nvme-v58-parallel-json-with-vector-2,0,screening-or-control,with-vector,0.1,NotLoad,Loaded,True,10.828759,6.944000999999998,2.41599,0.5211199999999999,2.841303999999999,1,1,2,1,0.4418449999999998,
nvme-v59-native-wait-control-startup,0,startup,id-only,0.1,NotLoad,Loaded,True,21.396486,,,,,,,,,,
nvme-v59-native-wait-control-id-only-0,0,screening-or-control,id-only,0.1,NotLoad,Loaded,True,11.199672,6.745418000000002,3.1057810000000003,0.516697,2.9608999999999988,1,1,2,2,0,
nvme-v59-native-wait-control-with-vector-0,0,screening-or-control,with-vector,0.1,NotLoad,Loaded,True,10.798865,7.009714000000001,2.2587749999999995,0.561226,2.970624,1,1,2,1,0.4515190000000011,
nvme-v59-native-wait-control-id-only-1,0,screening-or-control,id-only,0.1,NotLoad,Loaded,True,10.417497,7.0336229999999995,2.0174319999999994,0.6292049999999999,2.9770979999999994,1,1,2,1,0.4641800000000007,
nvme-v59-native-wait-control-with-vector-1,0,screening-or-control,with-vector,0.1,NotLoad,Loaded,True,10.426802,6.810163000000001,2.0719859999999994,0.5352310000000001,2.905904000000001,1,1,2,1,0.42991000000000046,
nvme-v59-native-wait-control-id-only-2,0,screening-or-control,id-only,0.1,NotLoad,Loaded,True,10.456801,6.883768999999998,2.1643240000000006,0.4812079999999999,2.960151000000001,1,1,2,1,0.47729400000000055,
nvme-v59-native-wait-control-with-vector-2,0,screening-or-control,with-vector,0.1,NotLoad,Loaded,True,10.610903,7.015084999999997,2.1867970000000008,0.5075140000000001,2.960593000000001,1,1,2,1,0.4088729999999998,
nvme-v60-scoped-prefetch-startup,0,startup,id-only,0.1,NotLoad,Loaded,True,21.16896,,,,,,,,,,
nvme-v60-scoped-prefetch-id-only-0,0,screening-or-control,id-only,0.1,NotLoad,Loaded,True,11.341723,7.368447,2.534236999999999,0.47163299999999997,3.042157,1,1,2,1,0.4431270000000005,
nvme-v60-scoped-prefetch-with-vector-0,0,screening-or-control,with-vector,0.1,NotLoad,Loaded,True,11.493417,7.473359999999999,2.4402650000000006,0.5034879999999998,2.9607669999999997,1,1,2,1,0.4517300000000004,
nvme-v60-scoped-prefetch-id-only-1,0,screening-or-control,id-only,0.1,NotLoad,Loaded,True,10.512261,7.033294000000002,2.1317360000000005,0.6183029999999997,2.9149429999999996,1,1,2,1,0.4283380000000001,
nvme-v60-scoped-prefetch-with-vector-1,0,screening-or-control,with-vector,0.1,NotLoad,Loaded,True,10.880869,6.924472000000001,2.407038,0.4724080000000001,2.971683999999999,1,1,2,1,0.4558580000000001,
nvme-v60-scoped-prefetch-id-only-2,0,screening-or-control,id-only,0.1,NotLoad,Loaded,True,10.571492,7.022546999999997,2.1376169999999997,0.5029399999999999,2.9287690000000013,1,1,2,1,0.45018699999999967,
nvme-v60-scoped-prefetch-with-vector-2,0,screening-or-control,with-vector,0.1,NotLoad,Loaded,True,10.789103,7.076169,2.2928800000000007,0.588857,2.8821859999999986,1,1,2,1,0.41430100000000003,
nvme-v61-scoped-prefetch-startup,0,startup,id-only,0.1,NotLoad,Loaded,True,20.309486,,,,,,,,,,
nvme-v61-scoped-prefetch-id-only-0,0,screening-or-control,id-only,0.1,NotLoad,Loaded,True,9.704305,6.239848999999999,2.097125,0.4813169999999999,1.8238179999999997,1,1,2,1,0.6889469999999998,
nvme-v61-scoped-prefetch-with-vector-0,0,screening-or-control,with-vector,0.1,NotLoad,Loaded,True,11.223266,7.049960000000001,2.5352310000000005,0.55357,2.058181000000001,1,1,2,1,0.5309119999999998,
nvme-v61-scoped-prefetch-id-only-1,0,screening-or-control,id-only,0.1,NotLoad,Loaded,True,9.727629,6.229460999999999,2.0912269999999995,0.6385949999999998,1.9018439999999996,1,1,2,1,1.186554,
nvme-v61-scoped-prefetch-with-vector-1,0,screening-or-control,with-vector,0.1,NotLoad,Loaded,True,9.842157,6.265472000000001,2.108095000000001,0.5067689999999998,1.8439289999999993,1,1,2,1,0.45210300000000014,
nvme-v61-scoped-prefetch-id-only-2,0,screening-or-control,id-only,0.1,NotLoad,Loaded,True,9.763445,6.259089000000002,2.1121509999999994,0.5621390000000002,1.851825999999999,1,1,2,1,0.4454939999999996,
nvme-v61-scoped-prefetch-with-vector-2,0,screening-or-control,with-vector,0.1,NotLoad,Loaded,True,9.653491,6.134312000000003,2.104818000000001,0.490164,1.7616810000000012,1,1,2,1,0.4947490000000001,
nvme-v62-scoped-prefetch-async-startup,0,startup,id-only,0.1,NotLoad,Loaded,True,19.667832,,,,,,,,,,
nvme-v62-scoped-prefetch-async-id-only-0,0,screening-or-control,id-only,0.1,NotLoad,Loaded,True,9.358382,5.948226000000001,2.060549,0.5457789999999999,1.8042340000000001,1,1,2,1,0.5342989999999999,
nvme-v62-scoped-prefetch-async-with-vector-0,0,screening-or-control,with-vector,0.1,NotLoad,Loaded,True,9.930678,6.062844000000001,2.369141,0.5207900000000001,1.8869500000000001,1,1,2,1,0.5232489999999999,
nvme-v62-scoped-prefetch-async-id-only-1,0,screening-or-control,id-only,0.1,NotLoad,Loaded,True,9.873835,6.350459999999999,2.1227710000000006,0.6468580000000002,1.781992999999999,1,1,2,1,0.4765950000000001,
nvme-v62-scoped-prefetch-async-with-vector-1,0,screening-or-control,with-vector,0.1,NotLoad,Loaded,True,9.616803,5.913541000000001,2.151554999999999,0.46463500000000013,1.8178680000000003,1,1,2,1,0.47149399999999986,
nvme-v62-scoped-prefetch-async-id-only-2,0,screening-or-control,id-only,0.1,NotLoad,Loaded,True,9.715204,6.2026749999999975,2.127216000000001,0.5419839999999997,1.8077609999999997,1,1,2,1,0.48766,
nvme-v62-scoped-prefetch-async-with-vector-2,0,screening-or-control,with-vector,0.1,NotLoad,Loaded,True,9.345982,5.673175000000002,2.2089960000000013,0.4831339999999996,1.7959810000000003,1,1,2,1,0.540813,
nvme-v63-prefetch-off-control-startup,0,startup,id-only,0.1,NotLoad,Loaded,True,21.350985,,,,,,,,,,
nvme-v63-prefetch-off-control-id-only-0,0,screening-or-control,id-only,0.1,NotLoad,Loaded,True,10.404659,6.960850000000001,2.0131050000000004,0.4776149999999999,2.985583,1,1,2,1,0.4640649999999997,
nvme-v63-prefetch-off-control-with-vector-0,0,screening-or-control,with-vector,0.1,NotLoad,Loaded,True,10.641447,6.670157999999999,2.4637340000000005,0.5129189999999999,2.9538040000000008,1,1,2,1,0.4453889999999996,
nvme-v63-prefetch-off-control-id-only-1,0,screening-or-control,id-only,0.1,NotLoad,Loaded,True,11.622872,8.084306,2.058535,0.6494159999999999,3.1927809999999988,1,1,2,1,0.43816400000000044,
nvme-v63-prefetch-off-control-with-vector-1,0,screening-or-control,with-vector,0.1,NotLoad,Loaded,True,11.046306,7.196558999999998,2.2299640000000007,0.510497,2.994091000000001,1,1,2,1,0.49799599999999966,
nvme-v63-prefetch-off-control-id-only-2,0,screening-or-control,id-only,0.1,NotLoad,Loaded,True,10.687263,7.137391,2.1287000000000007,0.5192249999999999,2.942541,1,1,2,1,0.45132300000000036,
nvme-v63-prefetch-off-control-with-vector-2,0,screening-or-control,with-vector,0.1,NotLoad,Loaded,True,10.751703,7.0277939999999965,2.1598819999999983,0.6409219999999999,3.0254309999999984,1,1,2,1,0.4731739999999993,
nvme-v64-confirm-startup,0,startup,id-only,62.0,NotLoad,Loaded,True,18.092777,,,,,,,,,,
nvme-v64-confirm-id-only-0,0,release-formal,id-only,62.0,NotLoad,Loaded,True,9.44859,5.878526000000002,2.195682000000001,0.551307,1.828331,1,1,2,1,0.527088,
nvme-v64-confirm-with-vector-0,0,release-formal,with-vector,62.0,NotLoad,Loaded,True,10.395277,6.262412000000002,2.596062,0.542047,1.8858180000000009,1,1,2,1,0.5539510000000005,
nvme-v64-confirm-id-only-1,0,release-formal,id-only,62.0,NotLoad,Loaded,True,9.846491,6.204844000000001,2.204381,0.6489899999999998,1.9310040000000002,1,1,2,1,0.5243929999999999,
nvme-v64-confirm-with-vector-1,0,release-formal,with-vector,62.0,NotLoad,Loaded,True,9.82723,6.0902119999999975,2.2853200000000005,0.5408409999999998,1.893352000000001,1,1,2,1,0.5642909999999999,
nvme-v64-confirm-id-only-2,0,release-formal,id-only,62.0,NotLoad,Loaded,True,10.251394,6.609299999999998,2.210571999999999,0.5733729999999998,1.8639150000000007,1,1,2,1,0.49628099999999975,
nvme-v64-confirm-with-vector-2,0,release-formal,with-vector,62.0,NotLoad,Loaded,True,10.143755,6.164972999999997,2.4372840000000013,0.6263039999999999,1.8806050000000005,1,1,2,1,0.5124520000000001,
nvme-v65-prefetch-go3-startup,0,startup,id-only,0.1,NotLoad,Loaded,True,20.98326,,,,,,,,,,
nvme-v65-prefetch-go3-id-only-0,0,screening-or-control,id-only,0.1,NotLoad,Loaded,True,9.502165,5.995339,2.0321179999999996,0.4998349999999999,1.9052440000000004,1,1,2,1,0.5159050000000001,
nvme-v65-prefetch-go3-with-vector-0,0,screening-or-control,with-vector,0.1,NotLoad,Loaded,True,9.497741,5.704036999999999,2.211705999999999,0.503061,1.85745,1,1,2,1,0.5067710000000001,
nvme-v65-prefetch-go3-id-only-1,0,screening-or-control,id-only,0.1,NotLoad,Loaded,True,9.389164,5.817997999999998,2.0869030000000013,0.613382,1.789826999999999,1,1,2,1,0.5514199999999998,
nvme-v65-prefetch-go3-with-vector-1,0,screening-or-control,with-vector,0.1,NotLoad,Loaded,True,9.252864,5.641402999999996,2.1061970000000008,0.5237269999999998,1.8108039999999992,1,1,2,1,0.4146240000000003,
nvme-v65-prefetch-go3-id-only-2,0,screening-or-control,id-only,0.1,NotLoad,Loaded,True,10.205674,6.360853999999999,2.284616999999999,0.5378620000000001,1.9443669999999988,1,1,2,1,0.5277270000000001,
nvme-v65-prefetch-go3-with-vector-2,0,screening-or-control,with-vector,0.1,NotLoad,Loaded,True,11.461713,6.795957999999998,2.7346640000000013,0.6380449999999999,2.1446099999999984,1,1,2,1,0.624447,
nvme-v66-wal-idle100-startup,0,startup,id-only,0.1,NotLoad,Loaded,True,17.93771,,,,,,,,,,
nvme-v66-wal-idle100-id-only-0,0,screening-or-control,id-only,0.1,NotLoad,Loaded,True,9.666697,6.152767000000002,2.098318,0.521725,1.8260910000000001,1,1,2,1,0.4866809999999999,
nvme-v66-wal-idle100-with-vector-0,0,screening-or-control,with-vector,0.1,NotLoad,Loaded,True,9.885742,5.9906799999999985,2.3548120000000003,0.5430580000000002,1.7840740000000002,1,1,2,1,0.5901539999999996,
nvme-v66-wal-idle100-id-only-1,0,screening-or-control,id-only,0.1,NotLoad,Loaded,True,9.436726,5.886701000000001,2.1205719999999992,0.6356370000000001,1.807827999999999,1,1,2,1,0.45905499999999977,
nvme-v66-wal-idle100-with-vector-1,0,screening-or-control,with-vector,0.1,NotLoad,Loaded,True,9.608039,5.819777999999998,2.2230689999999993,0.5156089999999998,1.7293359999999998,1,1,2,1,0.5027550000000001,
nvme-v66-wal-idle100-id-only-2,0,screening-or-control,id-only,0.1,NotLoad,Loaded,True,12.090434,8.568528999999998,2.1136030000000003,3.364695,1.770517000000001,1,1,2,1,0.5271159999999999,
nvme-v66-wal-idle100-with-vector-2,0,screening-or-control,with-vector,0.1,NotLoad,Loaded,True,9.035526,5.388445999999998,2.1698399999999993,0.48660599999999965,1.7150099999999995,1,1,2,1,0.4915470000000002,
nvme-v67-wal-idle10-control-startup,0,startup,id-only,0.1,NotLoad,Loaded,True,19.230803,,,,,,,,,,
nvme-v67-wal-idle10-control-id-only-0,0,screening-or-control,id-only,0.1,NotLoad,Loaded,True,9.33064,5.854507999999998,2.0845330000000004,0.5005059999999998,1.8971789999999997,1,1,2,1,0.5868229999999999,
nvme-v67-wal-idle10-control-with-vector-0,0,screening-or-control,with-vector,0.1,NotLoad,Loaded,True,9.330856,5.701825,2.2368270000000003,0.5209109999999998,1.7822589999999996,1,1,2,1,0.49031499999999983,
nvme-v67-wal-idle10-control-id-only-1,0,screening-or-control,id-only,0.1,NotLoad,Loaded,True,9.67505,6.204236000000002,2.0813289999999998,0.7061110000000002,1.8073800000000009,1,1,2,1,0.5173170000000002,
nvme-v67-wal-idle10-control-with-vector-1,0,screening-or-control,with-vector,0.1,NotLoad,Loaded,True,9.857074,6.223914999999996,2.099064999999999,0.5104219999999999,1.8784070000000004,1,1,2,1,0.47463599999999984,
nvme-v67-wal-idle10-control-id-only-2,0,screening-or-control,id-only,0.1,NotLoad,Loaded,True,9.525872,6.069746000000001,2.0224780000000013,0.4795990000000003,1.8222010000000006,1,1,2,1,0.538097,
nvme-v67-wal-idle10-control-with-vector-2,0,screening-or-control,with-vector,0.1,NotLoad,Loaded,True,9.592602,6.009813000000003,2.1277310000000007,0.5006050000000003,1.8190889999999995,1,1,2,1,0.464896,
nvme-v68-manifest-stats-startup,0,startup,id-only,0.1,NotLoad,Loaded,True,19.996634,,,,,,,,,,
nvme-v68-manifest-stats-id-only-0,0,screening-or-control,id-only,0.1,NotLoad,Loaded,True,9.308487,5.818440000000001,2.126375999999999,0.46244199999999996,1.699712,1,1,2,1,0.4706870000000003,
nvme-v68-manifest-stats-with-vector-0,0,screening-or-control,with-vector,0.1,NotLoad,Loaded,True,9.53379,5.803438000000001,2.2424890000000004,0.5230540000000001,1.6071720000000005,1,1,2,1,0.5248689999999998,
nvme-v68-manifest-stats-id-only-1,0,screening-or-control,id-only,0.1,NotLoad,Loaded,True,9.194049,5.744625,2.1062030000000007,0.600878,1.7483050000000004,1,1,2,1,0.46362999999999976,
nvme-v68-manifest-stats-with-vector-1,0,screening-or-control,with-vector,0.1,NotLoad,Loaded,True,9.887581,6.320580000000002,2.175541999999999,0.5139440000000001,2.203544,1,1,2,2,0,
nvme-v68-manifest-stats-id-only-2,0,screening-or-control,id-only,0.1,NotLoad,Loaded,True,8.982298,5.566352000000004,2.054832999999999,0.5709069999999998,1.7001380000000004,1,1,2,1,0.48479199999999967,
nvme-v68-manifest-stats-with-vector-2,0,screening-or-control,with-vector,0.1,NotLoad,Loaded,True,9.365038,5.682691000000004,2.134938999999999,0.517048,1.6214689999999987,1,1,2,1,0.486545,
nvme-v69-manifest-off-startup,0,startup,id-only,0.1,NotLoad,Loaded,True,19.821585,,,,,,,,,,
nvme-v69-manifest-off-id-only-0,0,screening-or-control,id-only,0.1,NotLoad,Loaded,True,9.598913,6.096762999999998,2.0527130000000002,0.596927,1.8529560000000003,1,1,2,1,0.4962080000000002,
nvme-v69-manifest-off-with-vector-0,0,screening-or-control,with-vector,0.1,NotLoad,Loaded,True,9.889499,5.994078,2.3533049999999998,0.48840500000000014,1.8212000000000002,1,1,2,1,0.5248199999999996,
nvme-v69-manifest-off-id-only-1,0,screening-or-control,id-only,0.1,NotLoad,Loaded,True,9.588603,6.154659,2.045700000000001,0.6296069999999999,1.7719239999999994,1,1,2,1,0.5005220000000001,
nvme-v69-manifest-off-with-vector-1,0,screening-or-control,with-vector,0.1,NotLoad,Loaded,True,9.562263,5.9411369999999994,2.0970439999999995,0.5180480000000001,1.7449149999999998,1,1,2,1,0.5121409999999997,
nvme-v69-manifest-off-id-only-2,0,screening-or-control,id-only,0.1,NotLoad,Loaded,True,9.262164,5.854534000000002,2.0562790000000013,0.469007,1.7525379999999997,1,1,2,1,0.5524189999999995,
nvme-v69-manifest-off-with-vector-2,0,screening-or-control,with-vector,0.1,NotLoad,Loaded,True,9.653607,5.905325000000003,2.214904,0.5130339999999999,1.7572589999999988,1,1,2,1,0.558297,
nvme-v70-confirm-startup,0,startup,id-only,62.0,NotLoad,Loaded,True,18.026114,,,,,,,,,,
nvme-v70-confirm-id-only-0,0,release-formal,id-only,62.0,NotLoad,Loaded,True,9.438944,5.750009,2.1003160000000003,0.5333149999999999,1.7892789999999996,1,1,2,1,0.5665070000000001,
nvme-v70-confirm-with-vector-0,0,release-formal,with-vector,62.0,NotLoad,Loaded,True,9.781117,5.941355999999998,2.3827640000000008,0.52092,1.7301490000000004,1,1,2,1,0.4955940000000001,
nvme-v70-confirm-id-only-1,0,release-formal,id-only,62.0,NotLoad,Loaded,True,9.735112,6.246722,2.0711689999999994,0.6757329999999998,1.7593720000000004,1,1,2,1,0.5146519999999999,
nvme-v70-confirm-with-vector-1,0,release-formal,with-vector,62.0,NotLoad,Loaded,True,9.976608,6.194277000000001,2.229051000000001,0.5284829999999997,1.7455179999999997,1,1,2,1,0.5421019999999999,
nvme-v70-confirm-id-only-2,0,release-formal,id-only,62.0,NotLoad,Loaded,True,10.381176,6.536265999999999,2.144567,0.6373769999999997,1.8218090000000007,1,1,2,1,0.595621,
nvme-v70-confirm-with-vector-2,0,release-formal,with-vector,62.0,NotLoad,Loaded,True,9.698282,6.033248999999998,2.132769999999999,0.5392920000000002,1.7055279999999995,1,1,2,1,0.5426089999999997,
nvme-v71-manifest-delta-startup,0,startup,id-only,0.1,NotLoad,Loaded,True,21.534882,,,,,,,,,,
nvme-v71-manifest-delta-id-only-0,0,screening-or-control,id-only,0.1,NotLoad,Loaded,True,9.803325,6.208314,2.147655,0.5379200000000001,1.6445799999999997,1,1,2,1,0.4832909999999999,
nvme-v71-manifest-delta-with-vector-0,0,screening-or-control,with-vector,0.1,NotLoad,Loaded,True,11.925068,7.894153000000001,2.5435470000000002,0.555251,1.6206669999999992,1,1,2,1,0.4706199999999998,
nvme-v71-manifest-delta-id-only-1,0,screening-or-control,id-only,0.1,NotLoad,Loaded,True,20.61416,17.153880000000004,2.0612159999999995,1.4542439999999999,1.5918340000000004,1,1,2,1,0.4960849999999999,
nvme-v71-manifest-delta-with-vector-1,0,screening-or-control,with-vector,0.1,NotLoad,Loaded,True,9.613142,5.7964269999999996,2.2932040000000002,0.5430330000000001,1.5174149999999993,1,1,2,1,0.5247809999999999,
nvme-v71-manifest-delta-id-only-2,0,screening-or-control,id-only,0.1,NotLoad,Loaded,True,9.079417,5.551687999999999,2.110384,0.529435,1.5413979999999994,1,1,2,1,0.4906159999999997,
nvme-v71-manifest-delta-with-vector-2,0,screening-or-control,with-vector,0.1,NotLoad,Loaded,True,9.58016,5.831076999999997,2.230954,0.5245229999999999,1.701062999999999,1,1,2,1,0.486154,
nvme-v72-stats-only-control-startup,0,startup,id-only,0.1,NotLoad,Loaded,True,19.588038,,,,,,,,,,
nvme-v72-stats-only-control-id-only-0,0,screening-or-control,id-only,0.1,NotLoad,Loaded,True,9.212173,5.807911000000001,1.9768649999999994,0.5168030000000001,1.6374370000000003,1,1,2,1,0.5088520000000001,
nvme-v72-stats-only-control-with-vector-0,0,screening-or-control,with-vector,0.1,NotLoad,Loaded,True,10.028664,6.110827999999999,2.329198000000001,0.5478419999999999,1.6707100000000006,1,1,2,1,0.48828999999999967,
nvme-v72-stats-only-control-id-only-1,0,screening-or-control,id-only,0.1,NotLoad,Loaded,True,9.428868,6.075867999999998,1.9563440000000005,0.6385709999999999,1.6157089999999998,1,1,2,1,0.4477929999999999,
nvme-v72-stats-only-control-with-vector-1,0,screening-or-control,with-vector,0.1,NotLoad,Loaded,True,9.718187,5.988515999999999,2.1685060000000007,0.5221850000000001,1.6915579999999992,1,1,2,1,0.4666800000000002,
nvme-v72-stats-only-control-id-only-2,0,screening-or-control,id-only,0.1,NotLoad,Loaded,True,9.05276,5.601116000000003,2.047617,0.4858559999999998,1.6068149999999992,1,1,2,1,0.39691600000000005,
nvme-v72-stats-only-control-with-vector-2,0,screening-or-control,with-vector,0.1,NotLoad,Loaded,True,9.566171,5.957411000000003,2.117252,0.52212,1.7035699999999998,1,1,2,1,0.5330749999999997,
nvme-v73-confirm-startup,0,startup,id-only,62.0,NotLoad,Loaded,True,17.669885,,,,,,,,,,
nvme-v73-confirm-id-only-0,0,release-formal,id-only,62.0,NotLoad,Loaded,True,9.384612,5.795844,2.1778280000000008,0.6171370000000002,1.7065420000000002,1,1,2,1,0.5667249999999999,
nvme-v73-confirm-with-vector-0,0,release-formal,with-vector,62.0,NotLoad,Loaded,True,9.621271,5.934389000000002,2.221031,0.576841,1.6083079999999992,1,1,2,1,0.4904980000000001,
nvme-v73-confirm-id-only-1,0,release-formal,id-only,62.0,NotLoad,Loaded,True,9.537294,6.029975,2.098292,0.5650710000000001,1.7392959999999995,1,1,2,1,0.516089,
nvme-v73-confirm-with-vector-1,0,release-formal,with-vector,62.0,NotLoad,Loaded,True,9.567238,5.906258999999997,2.147729000000001,0.5606859999999999,1.618553,1,1,2,1,0.5027430000000002,
nvme-v73-confirm-id-only-2,0,release-formal,id-only,62.0,NotLoad,Loaded,True,10.392536,6.426636999999999,2.4198300000000015,0.7523960000000002,1.8321280000000006,1,1,2,1,0.5745740000000001,
nvme-v73-confirm-with-vector-2,0,release-formal,with-vector,62.0,NotLoad,Loaded,True,14.973801,10.798702,2.5522930000000006,0.5338929999999997,1.7876669999999997,1,1,2,1,0.5141299999999998,
nvme-v74-sn-persist-probe-startup,0,startup,id-only,0.1,NotLoad,Loaded,True,19.801677,,,,,,,,,,
nvme-v74-sn-persist-probe-id-only-0,0,screening-or-control,id-only,0.1,NotLoad,Loaded,True,9.525475,5.885569999999998,2.1362159999999997,0.5679589999999999,1.651439,1,1,2,1,0.5439819999999997,
nvme-v74-sn-persist-probe-with-vector-0,0,screening-or-control,with-vector,0.1,NotLoad,Loaded,True,9.664735,5.743489000000001,2.355711,0.543272,1.6666009999999993,1,1,2,1,0.5048399999999997,
nvme-v74-sn-persist-probe-id-only-1,0,screening-or-control,id-only,0.1,NotLoad,Loaded,True,10.613089,6.46014,2.615221000000001,0.7187449999999997,1.8455420000000005,1,1,2,1,0.539641,
nvme-v74-sn-persist-probe-with-vector-1,0,screening-or-control,with-vector,0.1,NotLoad,Loaded,True,9.4416,5.716616000000001,2.2059390000000003,0.5835620000000001,1.5939790000000005,1,1,2,1,0.5043579999999999,
nvme-v74-sn-persist-probe-id-only-2,0,screening-or-control,id-only,0.1,NotLoad,Loaded,True,9.812605,6.263484,2.108941999999999,0.512471,1.6421930000000002,1,1,2,1,0.46824299999999974,
nvme-v74-sn-persist-probe-with-vector-2,0,screening-or-control,with-vector,0.1,NotLoad,Loaded,True,9.702673,5.912856000000001,2.2294589999999994,0.49640999999999963,1.6767210000000008,1,1,2,1,0.4727070000000002,
nvme-v74-sn-persist-probe-id-only-3,0,screening-or-control,id-only,0.1,NotLoad,Loaded,True,9.726959,6.075339999999999,2.1635600000000017,0.49882500000000046,1.5669050000000004,1,1,2,1,0.5148020000000004,
nvme-v74-sn-persist-probe-with-vector-3,0,screening-or-control,with-vector,0.1,NotLoad,Loaded,True,9.977276,5.992019000000001,2.3971469999999986,0.4772630000000003,1.708715999999999,1,1,2,1,0.4821010000000001,
nvme-v74-sn-persist-probe-id-only-4,0,screening-or-control,id-only,0.1,NotLoad,Loaded,True,9.877206,6.2722539999999976,2.1503949999999996,0.5383669999999997,1.6964959999999987,1,1,2,1,0.4521299999999999,
nvme-v74-sn-persist-probe-with-vector-4,0,screening-or-control,with-vector,0.1,NotLoad,Loaded,True,9.771514,5.971756999999994,2.2506389999999987,0.6025689999999998,1.662772,1,1,2,1,0.4634170000000002,
nvme-v74-sn-persist-probe-id-only-5,0,screening-or-control,id-only,0.1,NotLoad,Loaded,True,9.676323,6.038213000000001,2.1637579999999983,0.5251889999999997,1.6471080000000013,1,1,2,1,0.45312699999999984,
nvme-v74-sn-persist-probe-with-vector-5,0,screening-or-control,with-vector,0.1,NotLoad,Loaded,True,9.729682,5.589385000000002,2.3123509999999974,0.47995799999999994,1.6148609999999988,1,1,2,1,0.48498699999999983,
nvme-v75-go1-startup,0,startup,id-only,0.1,NotLoad,Loaded,True,15.786757,,,,,,,,,,
nvme-v75-go1-id-only-0,0,screening-or-control,id-only,0.1,NotLoad,Loaded,True,10.458139,6.802176,2.210315,0.546315,1.6585040000000015,1,1,2,2,0,
nvme-v75-go1-with-vector-0,0,screening-or-control,with-vector,0.1,NotLoad,Loaded,True,11.744629,7.773058999999999,2.4457890000000004,0.5323990000000001,1.8076599999999992,1,1,2,2,0,
nvme-v75-go1-id-only-1,0,screening-or-control,id-only,0.1,NotLoad,Loaded,True,10.181883,6.735281,1.9927709999999992,0.6394209999999998,1.564151999999999,1,1,2,2,0,
nvme-v75-go1-with-vector-1,0,screening-or-control,with-vector,0.1,NotLoad,Loaded,True,10.055212,6.536046,2.052804,0.4647200000000001,1.8905339999999993,1,1,2,2,0,
nvme-v75-go1-id-only-2,0,screening-or-control,id-only,0.1,NotLoad,Loaded,True,10.105636,6.607823999999998,2.0693559999999995,0.5465790000000001,1.6518140000000014,1,1,2,2,0,
nvme-v75-go1-with-vector-2,0,screening-or-control,with-vector,0.1,NotLoad,Loaded,True,10.16189,6.641601999999996,2.034464999999999,0.48411500000000024,1.669506000000001,1,1,2,2,0,
nvme-v75-go1-id-only-3,0,screening-or-control,id-only,0.1,NotLoad,Loaded,True,9.520432,6.220247999999998,1.927575000000001,0.4668659999999998,1.5833970000000002,1,1,2,2,0,
nvme-v75-go1-with-vector-3,0,screening-or-control,with-vector,0.1,NotLoad,Loaded,True,10.175122,6.572369999999994,2.0587650000000006,0.5032650000000002,1.5963470000000015,1,1,2,2,0,
nvme-v75-go1-id-only-4,0,screening-or-control,id-only,0.1,NotLoad,Loaded,True,9.768668,6.406081999999993,1.9815270000000003,0.5009330000000003,1.8516830000000033,1,1,2,2,0,
nvme-v75-go1-with-vector-4,0,screening-or-control,with-vector,0.1,NotLoad,Loaded,True,10.405743,6.928273999999998,2.021176999999999,0.6220050000000001,1.7211999999999992,1,1,2,2,0,
nvme-v75-go1-id-only-5,0,screening-or-control,id-only,0.1,NotLoad,Loaded,True,9.764194,6.502432000000002,1.904058,0.47564700000000004,1.6453969999999998,1,1,2,2,0,
nvme-v75-go1-with-vector-5,0,screening-or-control,with-vector,0.1,NotLoad,Loaded,True,10.079229,6.6342070000000035,2.0139960000000006,0.487538,1.6301059999999992,1,1,2,2,0,
nvme-v76-sn-persist-tail-startup,0,startup,id-only,0.1,NotLoad,Loaded,True,19.9726,,,,,,,,,,
nvme-v76-sn-persist-tail-id-only-0,0,screening-or-control,id-only,0.1,NotLoad,Loaded,True,9.943954,6.269508999999999,2.1696139999999993,0.5442409999999999,1.744888,1,1,2,1,0.553483,
nvme-v76-sn-persist-tail-with-vector-0,0,screening-or-control,with-vector,0.1,NotLoad,Loaded,True,9.489545,5.772135000000001,2.250301,0.5056380000000001,1.6209659999999997,1,1,2,1,0.45048200000000005,
nvme-v76-sn-persist-tail-id-only-1,0,screening-or-control,id-only,0.1,NotLoad,Loaded,True,9.173035,5.657386000000001,2.144884999999999,0.6115779999999997,1.5528899999999994,1,1,2,1,0.5589930000000001,
nvme-v76-sn-persist-tail-with-vector-1,0,screening-or-control,with-vector,0.1,NotLoad,Loaded,True,9.281163,5.532844999999998,2.2498620000000003,0.5398830000000001,1.5644639999999999,1,1,2,1,0.5694270000000001,
nvme-v76-sn-persist-tail-id-only-2,0,screening-or-control,id-only,0.1,NotLoad,Loaded,True,9.547071,5.888516000000004,2.186512,0.5175510000000002,1.5651250000000005,1,1,2,1,0.48143100000000016,
nvme-v76-sn-persist-tail-with-vector-2,0,screening-or-control,with-vector,0.1,NotLoad,Loaded,True,9.466262,5.688720000000001,2.2244420000000003,0.5307200000000002,1.6017040000000007,1,1,2,1,0.5013429999999999,
nvme-v76-sn-persist-tail-id-only-3,0,screening-or-control,id-only,0.1,NotLoad,Loaded,True,9.523075,5.976884000000002,2.1166820000000017,0.5712909999999998,1.6028280000000006,1,1,2,1,0.5054859999999999,
nvme-v76-sn-persist-tail-with-vector-3,0,screening-or-control,with-vector,0.1,NotLoad,Loaded,True,9.215005,5.627252999999999,2.1244820000000004,0.5337099999999997,1.5447079999999989,1,1,2,1,0.5287250000000001,
nvme-v76-sn-persist-tail-id-only-4,0,screening-or-control,id-only,0.1,NotLoad,Loaded,True,9.010649,5.522977000000005,2.085382,0.5222489999999999,1.514583,1,1,2,1,0.5199759999999998,
nvme-v76-sn-persist-tail-with-vector-4,0,screening-or-control,with-vector,0.1,NotLoad,Loaded,True,9.252346,5.577552999999999,2.1595660000000017,0.616297,1.5492130000000006,1,1,2,1,0.48916599999999955,
nvme-v76-sn-persist-tail-id-only-5,0,screening-or-control,id-only,0.1,NotLoad,Loaded,True,9.208281,5.526329999999996,2.254807000000001,0.5332870000000003,1.5573470000000005,1,1,2,1,0.5179939999999998,
nvme-v76-sn-persist-tail-with-vector-5,0,screening-or-control,with-vector,0.1,NotLoad,Loaded,True,9.309792,5.583815000000006,2.1762210000000026,0.527423,1.6883720000000004,1,1,2,1,0.5104479999999998,
nvme-v76-sn-persist-tail-id-only-6,0,screening-or-control,id-only,0.1,NotLoad,Loaded,True,9.276179,5.683630999999995,2.127154999999999,0.5049279999999999,1.6255950000000006,1,1,2,1,0.5221079999999998,
nvme-v76-sn-persist-tail-with-vector-6,0,screening-or-control,with-vector,0.1,NotLoad,Loaded,True,8.984155,5.481000999999999,2.076795999999999,0.4991509999999998,1.5241530000000003,1,1,2,1,0.5105819999999999,
nvme-v76-sn-persist-tail-id-only-7,0,screening-or-control,id-only,0.1,NotLoad,Loaded,True,8.883309,5.495745999999996,2.0039099999999976,0.5438709999999995,1.5409819999999999,1,1,2,2,0,
nvme-v76-sn-persist-tail-with-vector-7,0,screening-or-control,with-vector,0.1,NotLoad,Loaded,True,9.613364,5.849233999999995,2.2331160000000003,0.5745730000000001,1.554573,1,1,2,1,0.20807399999999987,
nvme-v76-sn-persist-tail-id-only-8,0,screening-or-control,id-only,0.1,NotLoad,Loaded,True,9.388042,5.7948879999999985,2.1615529999999965,0.5391830000000004,1.546200999999997,1,1,2,1,0.48179199999999955,
nvme-v76-sn-persist-tail-with-vector-8,0,screening-or-control,with-vector,0.1,NotLoad,Loaded,True,9.318256,5.750113000000001,2.0968550000000015,0.5098619999999998,1.6311359999999984,1,1,2,1,0.5032230000000002,
nvme-v76-sn-persist-tail-id-only-9,0,screening-or-control,id-only,0.1,NotLoad,Loaded,True,9.556813,6.091839000000002,2.0051119999999965,0.5420939999999999,1.604719999999997,1,1,2,1,0.46652700000000014,
nvme-v76-sn-persist-tail-with-vector-9,0,screening-or-control,with-vector,0.1,NotLoad,Loaded,True,9.556683,5.986680999999994,2.061671000000001,0.5251279999999997,1.5415289999999997,1,1,2,1,0.46453500000000014,
nvme-v77-int64-pk-startup,0,startup,id-only,0.1,NotLoad,Loaded,True,13.694906,,,,,,,,,,
nvme-v77-int64-pk-id-only-0,0,screening-or-control,id-only,0.1,NotLoad,Loaded,True,9.354891,5.816802,2.0866879999999997,0.562518,1.5787500000000003,1,1,2,1,0.4573490000000002,
nvme-v77-int64-pk-with-vector-0,0,screening-or-control,with-vector,0.1,NotLoad,Loaded,True,9.842341,5.995564,2.309549000000001,0.5641489999999999,1.6192889999999995,1,1,2,2,0,
nvme-v77-int64-pk-id-only-1,0,screening-or-control,id-only,0.1,NotLoad,Loaded,True,9.451365,5.952704999999999,2.0873369999999998,0.62641,1.522022999999999,1,1,2,1,0.542761,
nvme-v77-int64-pk-with-vector-1,0,screening-or-control,with-vector,0.1,NotLoad,Loaded,True,9.597066,5.768681000000001,2.298412,0.5304109999999997,1.567532,1,1,2,1,0.453449,
nvme-v77-int64-pk-id-only-2,0,screening-or-control,id-only,0.1,NotLoad,Loaded,True,9.353356,5.774484999999999,2.014733999999999,0.545977,1.7158240000000011,1,1,2,1,0.4706489999999999,
nvme-v77-int64-pk-with-vector-2,0,screening-or-control,with-vector,0.1,NotLoad,Loaded,True,9.639897,5.858151999999999,2.2244000000000015,0.5647390000000003,1.5967820000000015,1,1,2,1,0.502926,
nvme-v78-int64-pk-output-startup,0,startup,id-only,0.1,NotLoad,Loaded,True,21.194597,,,,,,,,,,
nvme-v78-int64-pk-output-id-only-0,0,screening-or-control,id-only,0.1,NotLoad,Loaded,True,9.435955,5.953642999999998,2.0614179999999998,0.5215839999999999,1.548756,1,1,2,1,0.5256730000000003,
nvme-v78-int64-pk-output-with-vector-0,0,screening-or-control,with-vector,0.1,NotLoad,Loaded,True,9.696799,5.934845000000001,2.2632269999999997,0.49619300000000005,1.6651570000000004,1,1,2,1,0.5342699999999998,
nvme-v78-int64-pk-output-id-only-1,0,screening-or-control,id-only,0.1,NotLoad,Loaded,True,9.236696,5.836187,2.0028259999999993,0.603621,1.6867150000000002,1,1,2,1,0.48484000000000016,
nvme-v78-int64-pk-output-with-vector-1,0,screening-or-control,with-vector,0.1,NotLoad,Loaded,True,9.448534,5.772144,2.1329439999999993,0.608066,1.6332099999999996,1,1,2,1,0.53382,
nvme-v78-int64-pk-output-id-only-2,0,screening-or-control,id-only,0.1,NotLoad,Loaded,True,9.965181,5.996040000000001,2.0178459999999987,0.5361810000000001,1.545856,1,1,2,1,0.4854090000000002,
nvme-v78-int64-pk-output-with-vector-2,0,screening-or-control,with-vector,0.1,NotLoad,Loaded,True,8.937106,5.486968000000002,1.9673849999999986,0.5285300000000002,1.5587980000000001,1,1,2,1,0.5120930000000001,
nvme-v79-pk-control-startup,0,startup,id-only,0.1,NotLoad,Loaded,True,18.93791,,,,,,,,,,
nvme-v79-pk-control-id-only-0,0,screening-or-control,id-only,0.1,NotLoad,Loaded,True,9.703841,6.020433000000001,2.2154140000000004,0.5231279999999999,1.6809939999999999,1,1,2,1,0.546052,
nvme-v79-pk-control-with-vector-0,0,screening-or-control,with-vector,0.1,NotLoad,Loaded,True,9.808849,5.921031999999999,2.3770400000000005,0.5230040000000001,1.6094050000000004,1,1,2,1,0.5240050000000003,
nvme-v79-pk-control-id-only-1,0,screening-or-control,id-only,0.1,NotLoad,Loaded,True,9.538667,5.919281999999998,2.1472239999999996,0.663473,1.5876929999999994,1,1,2,1,0.4890979999999998,
nvme-v79-pk-control-with-vector-1,0,screening-or-control,with-vector,0.1,NotLoad,Loaded,True,9.269295,5.3303670000000025,2.4005680000000007,0.6121239999999999,1.5746609999999999,1,1,2,1,0.4700449999999998,
nvme-v79-pk-control-id-only-2,0,screening-or-control,id-only,0.1,NotLoad,Loaded,True,9.717013,6.0800459999999985,2.134499999999999,0.5186549999999999,1.6123730000000003,1,1,2,1,0.5134800000000004,
nvme-v79-pk-control-with-vector-2,0,screening-or-control,with-vector,0.1,NotLoad,Loaded,True,9.292461,5.704121999999999,2.15653,0.506144,1.5866060000000008,1,1,2,1,0.5035950000000002,
nvme-v80-confirm-startup,0,startup,id-only,62.0,NotLoad,Loaded,True,13.447323,,,,,,,,,,
nvme-v80-confirm-id-only-0,0,release-formal,id-only,62.0,NotLoad,Loaded,True,9.227552,5.624675,2.171669,0.555252,1.578818000000001,1,1,2,1,0.5499109999999998,
nvme-v80-confirm-with-vector-0,0,release-formal,with-vector,62.0,NotLoad,Loaded,True,10.204165,6.381719999999999,2.308401000000001,0.565385,1.6112019999999991,1,1,2,2,0,
nvme-v80-confirm-id-only-1,0,release-formal,id-only,62.0,NotLoad,Loaded,True,9.66897,6.100632000000002,2.1331809999999995,0.682864,1.6635290000000005,1,1,2,1,0.5959519999999996,
nvme-v80-confirm-with-vector-1,0,release-formal,with-vector,62.0,NotLoad,Loaded,True,9.926172,6.200441000000001,2.201732,0.5877840000000001,1.648829000000001,1,1,2,1,0.5235220000000003,
nvme-v80-confirm-id-only-2,0,release-formal,id-only,62.0,NotLoad,Loaded,True,9.649524,6.081559,2.1069449999999987,0.5522589999999998,1.5935740000000003,1,1,2,1,0.533909,
nvme-v80-confirm-with-vector-2,0,release-formal,with-vector,62.0,NotLoad,Loaded,True,9.614304,5.951395999999997,2.1843159999999986,0.582333,1.6475050000000004,1,1,2,1,0.4952519999999998,
nvme-v81-prefetch-longest-first-startup,0,startup,id-only,0.1,NotLoad,Loaded,True,19.898282,,,,,,,,,,
nvme-v81-prefetch-longest-first-id-only-0,0,startup,id-only,0.1,NotLoad,Loaded,True,9.032132,5.6454379999999995,1.9776439999999997,0.565519,1.5914279999999998,1,1,2,1,0.5156260000000001,
nvme-v81-prefetch-longest-first-with-vector-0,0,startup,with-vector,0.1,NotLoad,Loaded,True,9.627637,5.9382899999999985,2.198745,0.47381799999999996,1.655246,1,1,2,1,0.4799509999999998,
nvme-v81-prefetch-longest-first-id-only-1,0,startup,id-only,0.1,NotLoad,Loaded,True,9.063828,5.796951000000002,1.8989829999999999,0.6137100000000002,1.6282139999999994,1,1,2,2,0,
nvme-v81-prefetch-longest-first-with-vector-1,0,startup,with-vector,0.1,NotLoad,Loaded,True,12.350898,8.815753000000003,2.0446019999999994,3.233492,1.6107459999999998,1,1,2,1,0.5053399999999999,
nvme-v81-prefetch-longest-first-id-only-2,0,startup,id-only,0.1,NotLoad,Loaded,True,9.003402,5.531971999999996,2.0971969999999986,0.4993740000000003,1.5646749999999998,1,1,2,1,0.4962399999999998,
nvme-v81-prefetch-longest-first-with-vector-2,0,startup,with-vector,0.1,NotLoad,Loaded,True,9.419827,5.811150000000001,2.0643530000000014,0.5493889999999999,1.6238789999999999,1,1,2,1,0.4914010000000002,
nvme-v81-prefetch-longest-first-id-only-3,0,startup,id-only,0.1,NotLoad,Loaded,True,9.380283,5.985246999999999,1.9316630000000001,0.5339919999999996,1.5798879999999997,1,1,2,1,0.51356,
nvme-v81-prefetch-longest-first-with-vector-3,0,startup,with-vector,0.1,NotLoad,Loaded,True,13.225701,5.326181999999998,6.390911999999998,0.5921809999999997,1.5047590000000013,1,1,3,1,,
nvme-v81-prefetch-longest-first-id-only-4,0,startup,id-only,0.1,NotLoad,Loaded,True,10.217963,6.770724000000006,2.0120069999999997,1.588341000000001,1.6094250000000012,1,1,2,1,0.483228,
nvme-v81-prefetch-longest-first-with-vector-4,0,startup,with-vector,0.1,NotLoad,Loaded,True,9.307417,5.601252000000001,2.154824000000003,0.5944450000000008,1.5585250000000015,1,1,2,1,0.4757880000000001,
nvme-v81-prefetch-longest-first-id-only-5,0,startup,id-only,0.1,NotLoad,Loaded,True,9.083479,5.654496999999995,2.0057070000000023,0.5027030000000001,1.557063000000001,1,1,2,1,0.5603660000000001,
nvme-v81-prefetch-longest-first-with-vector-5,0,startup,with-vector,0.1,NotLoad,Loaded,True,8.999193,5.371747999999996,2.170725999999998,0.5059120000000007,1.5779790000000002,1,1,2,1,0.5059019999999999,
nvme-v82-prefetch-control-startup,0,startup,id-only,0.1,NotLoad,Loaded,True,19.238409,,,,,,,,,,
nvme-v82-prefetch-control-id-only-0,0,screening-or-control,id-only,0.1,NotLoad,Loaded,True,8.966931,5.662396,1.9120250000000003,0.5736600000000001,1.5266799999999998,1,1,2,1,0.5563360000000004,
nvme-v82-prefetch-control-with-vector-0,0,screening-or-control,with-vector,0.1,NotLoad,Loaded,True,9.396461,5.714298999999999,2.1231930000000006,0.5402690000000001,1.5364719999999996,1,1,2,1,0.49693299999999985,
nvme-v82-prefetch-control-id-only-1,0,screening-or-control,id-only,0.1,NotLoad,Loaded,True,9.160596,5.787938,1.9689510000000001,0.6283479999999999,1.51776,1,1,2,1,0.5389789999999999,
nvme-v82-prefetch-control-with-vector-1,0,screening-or-control,with-vector,0.1,NotLoad,Loaded,True,9.809411,6.039131000000003,2.176054,0.5310050000000002,1.7073639999999994,1,1,2,1,0.4756659999999999,
nvme-v82-prefetch-control-id-only-2,0,screening-or-control,id-only,0.1,NotLoad,Loaded,True,9.045296,5.805674999999996,1.8269930000000008,0.533692,1.5183079999999995,1,1,2,1,0.5427560000000002,
nvme-v82-prefetch-control-with-vector-2,0,screening-or-control,with-vector,0.1,NotLoad,Loaded,True,9.38635,5.892096999999999,1.9885619999999993,0.5394330000000002,1.6902900000000005,1,1,2,1,0.4656870000000004,
nvme-v82-prefetch-control-id-only-3,0,screening-or-control,id-only,0.1,NotLoad,Loaded,True,9.017393,5.729524,1.8856540000000006,0.5184960000000003,1.551574,1,1,2,1,0.4722170000000001,
nvme-v82-prefetch-control-with-vector-3,0,screening-or-control,with-vector,0.1,NotLoad,Loaded,True,9.327013,5.755666,2.0052160000000008,0.5553679999999996,1.5694769999999996,1,1,2,1,0.45500300000000005,
nvme-v82-prefetch-control-id-only-4,0,screening-or-control,id-only,0.1,NotLoad,Loaded,True,8.840918,5.616709000000005,1.8070599999999992,0.4970440000000003,1.5329739999999994,1,1,2,1,0.4564649999999997,
nvme-v82-prefetch-control-with-vector-4,0,screening-or-control,with-vector,0.1,NotLoad,Loaded,True,9.204282,5.646775000000007,2.0943949999999987,0.6662780000000001,1.5860320000000012,1,1,2,1,0.4675030000000002,
nvme-v82-prefetch-control-id-only-5,0,screening-or-control,id-only,0.1,NotLoad,Loaded,True,9.000591,5.639188000000003,1.9191960000000015,0.5294610000000002,1.5826060000000002,1,1,2,1,0.5153760000000003,
nvme-v82-prefetch-control-with-vector-5,0,screening-or-control,with-vector,0.1,NotLoad,Loaded,True,9.090716,5.5063979999999955,2.1133800000000016,0.5214779999999997,1.574776,1,1,2,1,0.4874399999999999,
nvme-v83-confirm-startup,0,startup,id-only,62.0,NotLoad,Loaded,True,18.078275,,,,,,,,,,
nvme-v83-confirm-id-only-0,0,release-formal,id-only,62.0,NotLoad,Loaded,True,9.691247,5.998435999999999,2.1540830000000004,0.539573,1.6610779999999998,1,1,2,1,0.5319820000000002,
nvme-v83-confirm-with-vector-0,0,release-formal,with-vector,62.0,NotLoad,Loaded,True,9.954684,6.102183000000001,2.3302,0.545848,1.6142909999999995,1,1,2,1,0.502116,
nvme-v83-confirm-id-only-1,0,release-formal,id-only,62.0,NotLoad,Loaded,True,9.608509,6.168058,2.048312,0.6470980000000001,1.6414159999999998,1,1,2,1,0.4961169999999999,
nvme-v83-confirm-with-vector-1,0,release-formal,with-vector,62.0,NotLoad,Loaded,True,9.836449,6.150022000000002,2.1707080000000003,0.5567150000000002,1.5970410000000004,1,1,2,1,0.552699,
nvme-v83-confirm-id-only-2,0,release-formal,id-only,62.0,NotLoad,Loaded,True,9.378333,5.906134000000001,2.037503999999999,0.54367,1.614664,1,1,2,1,0.5517919999999998,
nvme-v83-confirm-with-vector-2,0,release-formal,with-vector,62.0,NotLoad,Loaded,True,9.640484,5.934431000000004,2.2105070000000007,0.6106289999999996,1.5799720000000006,1,1,2,1,0.48977000000000004,
